body,title,url
"

Medio millón de mexicanos se quedaron sin electricidad en plena contingencia sanitaria por el Covid-19, con las consecuentes implicaciones por el largo periodo de aislamiento social.

Durante la fase 3 de la pandemia, Comisión Federal de Electricidad (CFE) ordenó el corte del servicio porque 543 mil 128 usuarios no pudieron pagar su factura entre abril y el 12 de mayo.

De ese total, 91 mil 381 servicios, entre hogares, comercios, prestadores de servicios, industrias se quedaron sin el suministro de energía eléctrica en la Zona Metropolitana del Valle de México, incluida Ciudad de México y Estado de México, considerado el centro de la pandemia.

Información de la empresa eléctrica estatal entregada a través de la Plataforma Nacional de Transparencia revela que clientes de Jalisco, Michoacán, Puebla y Guerrero, entre otros, fueron de los más afectados por los cortes del servicio eléctrico en esos 42 días, problema que se pudo agravar al cierre de este mes por la continuidad del aislamiento social que concluye el 1 de junio.
 Puedes leer: Sener lleva año y medio desarmando área de energías limpias

El director de CFE, Manuel Bartlett, había advertido que no aplazaría ni condonaría las facturas de los hogares mexicanos porque también hay gastos que cubrir, como el pago de 90 mil trabajadores y la compra de combustible para que la red eléctrica siga suministrando el servicio.

Sin embargo, un número importante de clientes con contrato sufrieron la baja del switch porque no tuvieron dinero para pagar el servicio.

En abril, CFE ordenó el corte de 416 mil 505 servicios. No hubo una sola entidad federativa que no haya reportado ese tipo de incidente. El Estado de México encabezó la lista, con 38 mil 694 cortes, seguido por la Ciudad de México con 33 mil 358.
 

El número más bajo de servicios que fueron suspendidos involucró a 2 mil 521 clientes que se quedaron sin luz en Aguascalientes.
 Lee también: La 4T va contra generadores de energía eólica

Entre el 1 y el 12 de mayo, la información a la que EL UNIVERSAL tuvo acceso refiere que 126 mil 623 usuarios se habían quedado sin electricidad a lo largo y ancho del territorio nacional.

De estos, el mayor número se observó en Jalisco, con 11 mil 892, seguido por el Estado de México, con 9 mil 706, y la CDMX 9 mil 623 usuarios.

Suman dos millones

En lo que va del año, CFE ha ordenado el corte del servicio para 2 millones 88 mil 409 usuarios por falta de pago.

Sin embargo, la empresa mantiene el compromiso asumido mediante el acuerdo Adiós a tu deuda en Tabasco, que involucra a 59 mil 705 usuarios, muestra el oficio de CFE Ref. UT/SAIP/1219/20 con fecha del 12 de mayo. También mantiene inalterable el servicio gratuito a los 90 mil trabajadores de la empresa.
 Te puede interesar: PRI pide condonar pago de luz y agua en CDMX por Covid-19

Antes de iniciar las fases críticas de la pandemia, gobernados de Baja California, Jalisco y Quintana Roo mostraron preocupación por la decisión de “no aplazar ni condonar las facturas de los hogares durante la contingencia sanitaria”.
",Dejan a mexicanos sin luz en pandemia,http://www.eluniversal.com.mx/cartera/dejan-mexicanos-sin-luz-en-pandemia
"
Tras casi cinco horas de combatir el avance del fuego, el incendio que consumió al Mercado de la Central de Abasto, la noche del miércoles y las primeras horas del jueves, fue liquidado poco antes de las dos de la mañana y se considera abatido al 100% por la Secretaría de Seguridad Pública de Oaxaca (SSPO).

De acuerdo con el ayuntamiento de la capital, el incendio fue controlado oficialmente a la 1:35 de la mañana y dejó un saldo oficial de una persona lesionada. 

A través de su cuenta de Twitter, el gobernador Alejandro Murat confirmó que el fuego había sido controlado, agradeció el apoyo de las corporaciones que trabajaron para sofocar el fuego y mandó un mensaje de aliento a los locatarios que perdieron su patrimonio. 

“Mi reconocimiento a los cuerpos de Sedena, Protección Civil, Bomberos y Seguridad Pública por su pronta y valiosa participación. A las locatarias y locatarios les digo: no están solos”, tuiteó el mandatario. 

 

En estos momentos me reportan que el fuego en la Central de Abasto ha sido controlado. Mi reconocimiento a los cuerpos de @SEDENAmx, Protección Civil, Bomberos y Seguridad Pública por su pronta y valiosa participación. A las locatarias y los locatarios les digo: no están solos.
 — Alejandro Murat (@alejandromurat) May 28, 2020

Posteriormente, los bomberos de cuatro estaciones continuaron durante la madrugada realizando labores de contención, enfriamiento, así como de remoción de escombros y se movilizó un camión a escala, autotanques, autobombas, unidades móviles y de rescate urbano para sofocar en su totalidad el incendio.

Además, como se adelantó en este medio, la SSPO informó que, en coordinación con los cuerpos de seguridad municipal y elementos de la Secretaría de la Defensa Nacional (Sedena), mantenían un perímetro de seguridad en la zona de la Central de Abasto, “para evitar actos de rapiña y saqueos tras incendio”.

De acuerdo con la dependencia de Seguridad Pública, esta mañana en el sitio continúa personal del Heróico Cuerpo de Bomberos, de la Coordinación Estatal de Protección Civil de Oaxaca (CEPCO) y de corporaciones policiales evaluando los daños que dejó el incendio.  



Foto: Edwin Hernández

En un reporte preliminar se calcula que el fuego alcanzó y dañó más de 100 locales, la mayoría en el área de artesanías y artículos tradicionales de Carrizo y palma, los cuales quedaron prácticamente consumidos hasta las cenizas, esto pese a que desde el primer momento, además del trabajo de los cuerpos de seguridad y bomberos, los locatarios se organizaron para tratar de impedir el avance del fuego. 

Esta mañana, en un recorrido realizado por EL UNIVERSAL, se observa que los locatarios y comerciantes aún buscan entre las cenizas y los restos de sus locales marcancía que pueda ser rescatada; mientras que los policías piden que se desaloje el mercado pues por el fuego se teme que las estructura se hayan debilitado y puedan colapsar.

En algunas partes del mercado en las que aún trabajan bomberos, se observa que el humo continúa saliendo de los escombros todavía calientes, por lo que los elementos de seguridad se dieron a la tarea de acordonar la zona.

“Nos hablaron por teléfono pes avisarnos que se estaba incendiando la central. Mis padres acudieron inmediatamente pero lamentablemente el fuego ya estaba descontrolado y empezó a quemar toda la zona. Derivado de los productos que se venden en esta área, el fuego avanzó muy rápido y no hubo la suficiente infraestructura para poder contrarrestarlo y varios negocios se vieron afectados”, cuenta una de las comerciantes cuyo local fue consumido en su totalidad por la llamas. 

Hasta el momento se siguen contabilizando los daños que dejó el incendio y aún no hay una cifra oficial de locales y comerciantes afectados.



Foto: Edwin Hernández
","Un lesionado, saldo oficial de incendio en Central de Abasto; aún se contabilizan los daños ",https://oaxaca.eluniversal.com.mx/metropoli/28-05-2020/un-lesionado-saldo-oficial-de-incendio-en-central-de-abasto-aun-se-contabilizan
"





La Gaceta del Gobierno del Estado de México informa que debido a la Fase 3 de la contingencia del coronavirus Covid-19 se tiene como justificada la no presentación de las declaraciones de situación patrimonial y la de intereses en el mes de mayo.
Y es que en el Estado de México, los servidores públicos adscritos a la administración pública estatal y municipal tienen la obligación de presentar en mayo la declaración de modificación patrimonial, de intereses y la constancia de la presentación fiscal.
Qué dice la gaceta del estado sobre el 3 de 3
Debido a la Fase 3 de la contingencia del coronavirus Covid-19, el gobierno del Estado de México señala “aplicando a contrario sensu las disposiciones legales citadas en el considerando anterior, y derivado de la implementación de las acciones para prevenir la propagación virus SARS-CoV2 (Covid-19) actualmente existe una causa justificada para no presentar las declaraciones a las que están obligadas las perdonas servidores públicas estatales y municipales, por lo que no sería procedente iniciar una investigación ni requerir su cumplimiento en tanto permanezca esta emergencia sanitaria”.
Esta medida se aplica entre otras cosas porque distintas oficinas del sector público y privado se encuentran cerradas, razón por la cual existe la imposibilidad de obtener información necesaria para el llenado de las declaraciones patrimoniales y de intereses correspondientes.
Cuándo presentarán sus declaraciones los funcionarios mexiquenses
En la Gaceta del Gobierno del 29 de abril se explica lo siguiente “Se tiene como causa justificada por la emergencia sanitaria derivada de la enfermedad generada por el coronavirus SARS-CoV2 (COVID-19), no presentar las declaraciones de situación patrimonial y de intereses en la modalidad de modificación, ni la constancia de presentación de la declaración fiscal, durante el mes de mayo de 2020”.
Resalta: “Por lo que podrán presentarse, por todas las personas servidoras públicas obligadas de la administración pública estatal y municipal, hasta el mes de julio de 2020”.
Te puede Interesar:
DeclaraNet Edomex: ¿Se presentará declaración patrimonial e intereses en mayo?
Checa la Gaceta del Gobierno del 29 de abril y empieza a revisar a partir de la página 126: 
GACETA DEL GOBIERNO EDOMEX ... by JuanMiranda on Scribd

",Declaranet Estado de México 2020: ¿Habrá 3 de 3 en mayo? ,http://www.unionedomex.mx/articulo/2020/04/29/ciudadanos/declaranet-estado-de-mexico-2020-habra-3-de-3-en-mayo
"

Tabasco suma 3 mil 484 casos confirmados y 436 fallecimientos por Covid-19 al 27 de mayo.

En Tabasco, la tasa de incidencia de coronavirus es de 135.44 casos por cada 100 mil habitantes.

De acuerdo con el reporte del día de este día de la Secretaría de Salud federal, en la entidad hay mil 121 casos sospechosos y 3 mil 653 negativos.

El 31 de marzo pasado se registró la primera muerte por coronavirus en Tabasco.

La Secretaría de Salud del gobierno federal informó que al 27 de mayo hay registro de 8 mil 597 muertos y 78 mil 023 casos confirmados acumulados de coronavirus en México.

Lee también: Por segundo día consecutivo, México tiene máximo de casos de Covid; van 78 mil

Casos de coronavirus en Quintana Roo al 27 de mayo

Quintana Roo tiene un registro de mil 729 casos confirmados de coronavirus y 323 muertos, esto de acuerdo con el reporte sobre Covid-19, emitido por la Secretaría de Salud del gobierno federal.

Además, en Quintana Roo se tienen registrados mil 314 casos negativos y 180 casos sospechosos de coronavirus.

Quintana Roo se mantiene como la cuarta entidad con mayor tasa de incidencia de coronavirus, con 100.33 casos por cada 100 mil habitantes, por debajo de la Ciudad de México, Tabasco y Baja California.

Coronavirus en Yucatán al 27 de mayo

Yucatán suma mil 602 casos confirmados de coronavirus y 132 muertos por Covid-19, de acuerdo con los datos de la Dirección General de Epidemiología.

En Yucatán se estudian 426 casos sospechosos y 2 mil 579 personas a las que se les realizó la prueba dieron negativo.

La tasa de incidencia de Covid-19 en Yucatán es de 70.91 casos por cada 100 mil habitantes.

Lee también: ¿Hasta cuándo se extiende la cuarentena en Yucatán?

En el estado se han registrado varias agresiones a personal sanitario, por parte de la población que teme contagiarse de Covid-19.

El 15 de abril se denunció en redes sociales que una pizzería en Mérida le negó el servicio a una enfermera del IMSS.

El 5 de abril pasado, un enfermero del IMSS denunció en redes sociales la agresión de la que fue objeto al salir de trabajar. Los hechos ocurrieron la noche del sábado 4 de abril cuando un par de sujetos que viajaban en motocicleta le arrojaron huevos y se burlaron de él.

Lee también: Lanzan huevos a enfermero en Mérida, Yucatán

El 8 de abril se denunció la agresión que sufrió Ligia Kantun, una enfermera instrumentista, a quien un desconocido le lanzó café caliente mientras le gritó ""nos vas a contagiar a todos"".

Lee también: Tiran café hirviendo a enfermera; ""nos vas a contagiar a todos"", le gritan

Coronavirus en Campeche al 27 de mayo

Campeche es el estado de la Península de Yucatán con menos casos confirmados de coronavirus, al sumar 486. Además, 70 personas han muerto a causa de la pandemia.

En Campeche se tiene el registro de 124 casos sospechosos y 689 personas han dado negativo en la prueba de Covid-19.

La tasa de incidencia de coronavirus en Campeche es de 48.57 casos por cada 100 mil habitantes.

Gráfica. Casos de coronavirus en Quintana Roo, Yucatán, Campeche y Tabasco

Los datos para este contenido se basan en el reporte y mapa de casos de Covid-19 que elabora la Dirección General de Epidemiología, y que se actualiza diariamente después de las 19 horas.

Con información de UN1ÓN Yucatán

Casos de coronavirus: Yucatán, Tabasco, QRoo y CampecheInfogram
","Casos de Covid-19 en Yucatán, Quintana Roo y Tabasco al 27 de mayo",http://www.eluniversal.com.mx/estados/casos-de-covid-19-en-yucatan-quintana-roo-y-tabasco-al-27-de-mayo
"
En esta época de confinamiento, a nivel mundial se han captado en video diversos fenómenos naturales poco comunes. Desde avistamientos de animales que raras veces se dejan ver por los humanos, hasta playas bioluminiscentes y vistas panorámicas desde las ciudades por la disminución de contaminación. Esta semana fue el turno de Oaxaca. 
Se volvieron virales los videos tomados por grupos de pescadores en la costa de Huatulco, quienes encontraron grandes grupos de delfines nadando libremente en el mar. Prácticamente, “apoderándose” del sitio. 
Lee también: Captan en video un oso grizzly blanco por primera vez
Si bien no es raro ver delfines en la costa de Oaxaca, lo especial es encontrarlos en estas cantidades. Cabe mencionar que recientemente hay menor actividad comercial y turística. 
Aquí puedes ver unos de los videos, dado a conocer por el medio local Acierta Oaxaca y retomado en Twitter por Webcams de México. 

RT @AciertaOaxaca:
 Pescadores de #PuertoEscondido captaron un grupo de delfines que disfrutaban de las aguas costeñas.#Oaxaca
 Créditos: David Moncada pic.twitter.com/Ale4vDLXu0
 — Webcams de México (@webcamsdemexico) May 27, 2020


Como si se tratara de una película, en el video se distinguen delfines a donde sea que los pescadores volteen. Nadan a toda velocidad y saltan con el atardecer de fondo, haciendo un gran estruendo en las olas. 
¿Qué piensas de que se produzcan estos fenómenos en México?
Lee también: Águila cola blanca es vista en Inglaterra por primera vez en 240 años
 
","Delfines se ""apoderan"" de la costa en Huatulco",http://www.eluniversal.com.mx/destinos/captan-en-video-delfines-apoderandose-de-la-costa-en-oaxaca
"
Aunque las vacunas son esenciales en los primeros años de vida, no solo los niños deben tenerlas. Los adultos también deben de cumplir con una cartilla para evitar contagiarse de enfermedades que pueden afectar su salud. 

Los Centros para el Control y la Prevención de Enfermedades (CDC) cuentan con una lista recomendada para personas de 19 años o más, que pueden prevenir una hospitalización o hasta la muerte. 

Las vacunas pueden solicitarse en centros de salud públicos o en hospitales privados, aunque tendrán un costo más alto. 


Lee también: ¿Cuántas y cuáles son las fases clínica debe cumplir una vacuna?


 

Es importante cumplir con los tiempos y las dosis determinadas por los expertos en salud para que la inmunización sea eficaz. 

Una de las dosis más importantes es la de la influenza, que se debe aplicar una vez al año antes del inicio de la temporada. Todas las personas de más de 6 meses de edad pueden vacunarse. 

Estas son las principales vacunas para adultos recomendadas por los CDC: 

Hepatitis A: Aunque puede aplicarse de manera preventiva, es forzosa al tener factores de riesgo como una enfermedad hepática crónica, VIH, uso de drogas, embarazo, o estar en contacto con una persona infectada. 

Edad: a partir de los 19 años de edad, dos o tres dosis. 


No te pierdas: Los tratamientos que se analizan para tratar el Covid-19


Hepatitis B: como medida preventiva o al tener una enfermedad hepática crónica, VIH, uso de drogas, riesgo de exposición sexual, riesgo percutáneo o mucoso de exposición a la sangre y embarazo.

Edad: a partir de los 19 años de edad, dos o tres dosis. 

Virus del papiloma humano.

Edad: hasta los 26 años de edad, dos o tres dosis. 

Sarampión, paperas y rubeola 

Edad: una o dos dosis para personas que nacieron antes de 1957.

Tétanos, difteria y tos ferina

Una dosis después de los 11 años o en cada embarazo. 

Varicela

Dos dosis para quienes no la recibieron de niños y una dosis para quienes previemente se aplicaron una. 

Zoste

Edad: a partir de los 50 años de edad se aplican dos dosis, con entre dos y seis meses de diferencia. 

Vacunación meningocócica: recomendada para hombres con VIH, uso de inhibidores y otros factores de riesgo.

Edad: a partir de los 19 años de edad, una dosis cada cinco años si el riesgo persiste. 

Vacunación neumocócica: Se aplica una dosis, a partir de los 65 años de edad. Sin embargo, la podrían requerir peronsas menores con enfermedad pulmonar, hepática, diabetes y afecciones inmunocomprometidas. 

pb
",,https://www.viveusa.mx/bienestar/que-vacunas-se-deben-aplicar-los-adultos-y-que-edad
"
La alcaldesa de Washington D.C. anunció este miércoles que las medidas de confinamiento que rigen en la capital estadounidense comenzarán a suavizarse a partir del viernes, con la reapertura de restaurantes, peluquerías y otros negocios bajo normas preventivas.

""El virus todavía está en nuestra ciudad, en nuestra región y nuestro país"", advirtió Muriel Bowser, al anunciar durante una conferencia de prensa la fase 1 del desconfinamiento a partir del viernes, luego de 14 días en los que se registró una baja sostenida en los contagios de COVID-19.

En Washington, donde viven unas 700.000 personas, centro administrativo del país y destino turístico, se contabilizan 8.406 infectados y 445 muertos por la pandemia del nuevo coronavirus.

Recomendamos: Los casinos más famosos de Las Vegas abrirán sus puertas el 4 de junio 

""Al tiempo que comenzamos a reabrir, es fundamental que las personas utilicen mascarillas, [mantengan] distanciamiento social y continúen practicando una buena higiene"", agregó.




 


 

 



 




Ver esta publicación en Instagram


 



 

 

 



 

 



 

 

 




 

 


Una publicación compartida por Sayeh Saidi |DC Blogger (@sayheydc) el 26 de May de 2020 a las 8:27 PDT




La alcaldesa decretó el 17 de marzo el cierre de los comercios no esenciales y luego el confinamiento el 1 de abril.

Reuniones de más de diez personas seguirán prohibidas en esta primera fase de reapertura.

Los restaurantes con espacios abiertos podrán recibir a sus clientes en el exterior, con un límite de seis comensales por mesa, que deberán estar al menos a 1.8 m de distancia entre ellas. 

Las peluquerías podrán recibir clientes, pero solo con cita previa.

""Sé que muchas personas están ansiosas de que les hagan un corte de pelo, pero queremos que recuerden también hacer su parte para mantenerse seguros ustedes y también a su estilista o barbero"", dijo Bowser.

Parques, canchas de golf y de tenis reabrirán, pero piscinas y áreas de juego públicas permanecerán cerradas.

Tiendas consideradas no esenciales podrán entregar pedidos en la vereda y realizar envíos.

Las tiendas autorizadas a vender alcohol se mantuvieron abiertas durante el confinamiento.

El teletrabajo se mantiene ""aconsejado"" siempre que sea posible.

La capital de Estados Unidos aloja todos los años las celebraciones por el Día de la Independencia, el 4 de julio, en la explanada del Mall, pero la alcaldesa reiteró que el desfile y los fuegos artificiales que son tradicionales este año están suspendidos. 

Lee: ¡Por fin! Los parques de Disney World ya tienen fecha de reapertura

 
",,https://www.viveusa.mx/destinos/washington-dc-iniciara-su-reapertura-tras-declive-en-contagios
"
Un viejo refrán dice que ""al mal tiempo buena cara"", pero en Cabo Cañaveral, en Florida, abundaron esta miércoles las caras de desencanto.

Luego de nueve años, el Centro Espacial Kennedy se preparaba para que la NASA enviara otra vez desde sus plataformas una tripulación al espacio con la ayuda de la compañía SpaceX.

Pero poco antes del despegue de la nave Crew Dragon, que tenía como destino la Estación Espacial Internacional (EEI), la operación fue suspendida por las malas condiciones meteorológicas.
 Inicialmente, se pronosticó que habría un 60% de posibilidades de buen tiempo, pero como siempre en Florida a finales de primavera, las tormentas son una posibilidad.

Así que tuvieron que posponer una misión que considerada histórica por ser la primera vez que una empresa privada sirve de ""taxi"" para que la NASA ponga a sus astronautas en órbita.

El lanzamiento está previsto ahora para el sábado 30 de mayo a las 15:22 hora local (20:22 GMT).

 


Si ese día no se puede, habría una tercera oportunidad el domingo.

Pero ¿por qué no se pudo realizar más tarde este miércoles de mejorar el tiempo? ¿O por qué no se puede realizar el jueves o el viernes y hay que esperar al sábado?

Ventana de lanzamiento

Según explicó a BBC Mundo Steve Payne, director de integración de lanzamientos de la NASA, existe un periodo de tiempo determinado en el que es posible realizar el lanzamiento de un cohete espacial, para garantizar que se alcance el objetivo satisfactoriamente.

Es lo que los científicos llaman ""ventana de lanzamiento instantánea"".
Doug Hurley y Bob Behnken son dos de los astronautas más experimentados de la NASA. Foto: Reuters vía BBC

""Para interceptar la estación espacial, hay que hacerlo cuando está directamente sobre nuestra posición"", indicó Payne.
 De acuerdo con el científico, si se lanza el cohete cuando la EEI nos pasa por encima es mucho más fácil porque todo lo que tienen que hacer los astronautas es acelerar o desacelerar para encontrarse con ella.

Lo otro, de acuerdo con el experto, tienen que ver con la energía que se emplea para llegar hasta allí.

""Si estamos en una órbita diferente no hay suficiente combustible para poder cambiar esa órbita. Así que tiene que ser hora"", señala Payne.

La EEI se mueve a más de 27.000km/h, lo que significa que en diferentes días, el tiempo para llegar a ella desde el sitio de lanzamiento varía.

Y al variar la distancia, la cantidad de combustible que necesita cada viaje también cambia.

De ahí que el sábado -y de no lograrse, el domingo- será la próxima mejor opción: es decir, se abrirá otra ventana de lanzamiento instantánea.
 Esto, no obstante, implicará un viaje de aproximadamente 19 horas a la EEI.

Ahora puedes recibir notificaciones de BBC Mundo. Descarga la nueva versión de nuestra app y actívalas para no perderte nuestro mejor contenido.

¿Ya conoces nuestro canal de YouTube? ¡Suscríbete!

https://www.youtube.com/watch?v=OPBtbIkRIUc

https://www.youtube.com/watch?v=ZxEkMGziyDU

https://www.youtube.com/watch?v=5pk11p8vZEY

fjb
","¿Qué es la ""ventana de lanzamiento instantánea"" y por qué obliga a la Crew Dragon a esperar?",http://www.eluniversal.com.mx/ciencia-y-salud/spacex-y-la-nasa-que-es-la-ventana-de-lanzamiento-instantanea
" 0 % PULSO SOCIAL0 Ya perdimos la cuenta de los días que llevamos en cuarentena por la crisis sanitaria del coronavirus. Hay quienes están en casa con su pareja, con la familia completa y, otros más, en completa soledad; cualquiera que sea el caso, el sexo es un tema que difícilmente se puede hacer a un lado.
Hay quienes dicen que el estrés que genera el estar todo el tiempo en casa hace disminuir la libido, mientras que otros señalan que, al contrario, andan más excitados que de costumbre.
 
Si eres un amante del cine o si quieres regalarte un momento más íntimo con tu pareja (o a solas), puedes subirle la temperatura a esta cuarentena con algunas películas en las que lo que sobra es el erotismo y las escenas subidas de tono.
Las 10 mejores películas de terror de todos los tiempos
 
Hay infinidad de cintas llenas de escenas atrevidas, pero en De10.mx realizamos una selección de títulos, tanto clásicos como más recientes, para que disfrutes de una noche de película… ¡mira la galería!
 
Con información de Sensacine y FilmAffinity.
VIDEO:


",,https://de10.com.mx/top-10/10-peliculas-eroticas-para-subir-la-temperatura-en-cuarentena
"
La senadora Verónica Delgadillo, de Movimiento Ciudadano, lanzó una pregunta a través de redes sociales al subsecretario Hugo López-Gatell, quien compareció ayer ante el Senado, pero fue la legisladora quien terminó siendo criticada por su redacción.
Delgadillo escribió en una cartulina: ""¿Error o mentira? ¿Cuántas vidas y cuántos contagios se pudieron haber evitado?"", acompañada de ""Esta es la pregunta que nos hacemos millones de personas en México y que no quiso responder el subsecretario"".
Varios usuarios le cuestionaron a la senadora que su mensaje daba a entender que el gobierno buscaba evitar vidas, pero que en realidad se refería a muertes o fallecimientos, por lo que después Delgadillo corrigió la cartulina.
Ayer, López-Gatell fue calificado de misógino por responderle a la senadora panista, Alejandra Reynoso, que tiene poca familiriadad con el Sistema de Salud, porque su campo de experiencia profesional eran las ciencias de la comunicación y relaciones exteriores.
Ante ello, Delgadillo se sumó a las voces que criticaron a López-Gatell, pero también a otros hombres por lo que considera como violentar a las mujeres.
""Para estos 'hombres', es inconcebible que una mujer haga política, sea senadora y cuestione al gobierno por sus malas decisiones. Acostúmbrense, las mujeres llegamos para cambiar la política"", señaló, sumado a:  ""Aquí un ejemplo de cuando el cerebro no te da para argumentar y solo recurres a los ataques y a la difamación. Esta también es una muestra del odio y la violencia que sufrimos las mujeres todos los días"".
cg
","Cuestiona senadora a López-Gatell, pero la critican a ella por su redacción",https://www.eluniversal.com.mx/nacion/politica/cuestiona-senadora-lopez-gatell-pero-la-critican-ella-por-su-redaccion
"
En los años recientes, irrupciones de violencia social han trastocado la tranquilidad en diversas partes del mundo, lo mismo en París, que en Hong Kong, Santiago de Chile o Quito. Las razones para esa indignación han sido diversas: la marginación de unos grupos en una sociedad opulenta, reclamos democráticos, impuestos impopulares, el incremento en los precio de los combustibles y los transportes públicos o la carestía de la vida. Pero un denominador común han sido los cuestionamientos al aparato gubernamental por su incapacidad para dar respuestas a sus reclamos.
El hartazgo se potencia y se vuelve atropellado porque no existen instancias que medien, procesen y gestionen las demandas sociales. O si existen, son desbordadas o ignoradas. Los partidos pierden credibilidad (las encuestas los ubican, junto con las policías, en los más bajos niveles de aprobación) y entonces lo que irrumpe es el espontaneísmo y la indignación social se expresa como una violencia anárquica.
En México, hasta ahora esos arrebatos se han reducido a núcleos absolutamente marginales de muchachos que se autodefinen como anarquistas y que encapuchados se infiltran en las marchas de protesta para desplegar su furia contra los comercios, las sucursales bancarias y los monumentos históricos. Es una violencia que expresa la catarsis o el desahogo de los perpetradores.
Pero hay, al menos, dos ingredientes que pueden detonar en el corto plazo la violencia social. El primero tiene que ver con la decisión del presidente de transferir cuantiosos recursos públicos hacia los más desfavorecidos: las pensiones para los mayores de 65 años, los discapacitados y los jóvenes estudiantes. La paradoja es que políticas públicas que se proponen aliviar las duras condiciones de esos grupos sociales puedan convertirse en factores que disparen expresiones de violencia colectiva.
Entre los estudios del cambio social (las revoluciones como su expresión más dramática) hay un acercamiento, el “enfoque histórico” de Lyford Edwards, más tarde recuperado por Crane Brinton, que encuentra como uno de los factores disparadores de la violencia social “la ruptura de expectativas”: franjas sociales que estaban experimentando una mejoría en sus condiciones de vida, sufren un freno súbito; la frustración y el enojo los lleva a la rebelión.
Al presidente López Obrador su intuición le advierte del riesgo que conllevaría la interrupción de sus programas sociales, de hecho lo dijo así hace unos días en su conferencia ante los medios, cuando al rechazar la propuesta del CCE de posponer los pagos de algunos impuestos, de luz y agua y del seguro social, exclamó: “¡Imagínense! posponemos el cobro de impuestos y nos quedamos sin presupuesto y no estaríamos otorgando los créditos a los pequeños empresarios, a las empresas familiares ni ayudando a los pobres, entonces si se nos viene un estallido social”.
Hasta ahora, para fondear esos programas no han sido suficientes los ahorros del combate a la corrupción, por eso ha decidido desaparecer organismos y fideicomisos, imponer una austeridad draconiana en el gobierno y recurrir a fondos que estaban destinados a emergencias, pero ¿qué hará cuando ya no tenga de dónde sacar para mantener programas que ahora ya están en la Constitución? Frenar los apoyos sociales, como lo advierte, puede detonar violentas protestas.
El segundo ingrediente que podría derivar en una inusitada violencia social —no desvinculado del anterior—, se explicaría por uno de los efectos no deseados de la pandemia: una severa crisis de las finanzas públicas acentuada por la caída en el turismo y en los precios del petróleo y el cierre, en muchos casos definitivo, de cientos de miles de negocios y su corolario, el despido de alrededor de dos millones de personas solo en el sector formal de la economía, más la desesperación de quienes se ubican en la economía informal, más acostumbrados a enfrentarse cuerpo a cuerpo con inspectores y policías.
¿Cuáles serían las reacciones de esos jefes de familia que se quedaran en la calle y no tuvieran con qué darle a sus parejas e hijos lo indispensable? En la mayoría de los casos sus ingresos les alcanzan apenas para vivir al día, entonces las opciones se angostan: amarrarse el cinturón o salir a robar, primero alimentos (el saqueo de los súper mercados), ¿pero después?
Es probable que el grueso de los afectados resista estoicamente la adversidad, la resignación es un rasgo de su cultura, pero también es muy probable que crezcan los trastornos mentales (histerias y depresiones) que dañarán aún mas las estructuras familiares y sociales… o que irrumpa una violencia colectiva que produzca severos desarreglos. El huevo de la serpiente de esta crisis múltiple.
 

Presidente de GCI.
@alfonsozarate
",La violencia que acecha,https://www.eluniversal.com.mx/opinion/alfonso-zarate/la-violencia-que-acecha
"
La Fiscalía General de San Luis Potosí informó que el saldo de tres ataques armados ocurridos la tarde de este miércoles 27 de mayo en diversas colonias de la capital potosina y Soledad es de cinco muertos y tres heridos.

En el suceso ocurrido en la calle República de Ecuador y Estados Unidos de Norteamérica, en la colonia Satélite, perteneciente a la ciudad de San Luis Potosí, cuatro hombres fueron asesinados al interior de una vivienda. Los cuerpos presentaron heridas de arma de fuego de alto calibre.

Por otra parte, en la colonia 21 de Marzo, ubicada en Soledad, el saldo es de un hombre muerto y un lesionado de gravedad en la calle 16 de Septiembre. Éste último fue trasladado a una clínica cercana.

De manera simultánea fueron reportadas detonaciones en la calle Mirador, Barrio de Sebastián, en la capital potosina, donde dos personas resultaron heridas.

Agentes de la Policía de Investigación se desplazaron a estos lugares para comenzar con las indagatorias correspondientes. De igual manera, peritos de la Fiscalía potosina ya realizan las labores necesarias para recabar los indicios en los sitios.

Los cuerpos de los asesinados fueron trasladados al Servicio Médico Legista (Semele) para realizar las necropsias de ley y establecer las causas de las muertes.

etp
",Ataques armados en Zona Metropolitana de SLP dejan 5 muertos y 3 lesionados,https://sanluis.eluniversal.com.mx/metropoli/27-05-2020/ataques-armados-en-zona-metropolitana-de-slp-dejan-5-muertos-y-3-lesionados
"
Luego de más de doce horas de que Alfredo Morales –quien asegura que dio positivo a coronavirus- llegó a bloquear una de las puertas de acceso a Palacio Nacional para exigir que le instalen el servicio de electricidad a un negocio, funcionarios de la CFE llegaron al recinto histórico para exhortar al hombre de 28 años a que vaya a un hospital y a informarle que el trámite que inició el pasado lunes, quedará concluido el día de hoy. 
Protegido con careta y cubrebocas, Juan Luis Medina, titular del Área Jurídica de Suministro de la CFE, informó que el pasado lunes 25 de mayo, esta persona ingresó una solicitud para que se le instalara un servicio de electricidad a un autolavado en Ciudad Nezahuacoyotl, Estado de México. 
“Se analiza la información, se ve que esté de acuerdo a la norma, y sobre todo que tenga la preparación para que no se vaya a generar algún riesgo, se analiza si hay riesgos. Hay atención, debemos ser respetuosos”. 
El funcionario federal acusó que Leonel Mendoza, quien se presenta como vecino del manifestante, “ha hecho una serie de manifestaciones asesorando a sus causahabientes para efecto de sorprender a CFE con sus argucias para no pagar. Todos y cada uno de los documentos que ha presentado se les responde conforme a derecho. CFE ha sido institucional, lo seguirá haciendo y repito, conforme a derecho”. 
“Es un autolavado donde se le hizo una revisión y se encontró un consumo de energía ilícito y en consecuencia, si el señor no es parte, no le puedo dar información”. 
“Se va a analizar, sobre todo desde luego administrativamente, jurídicamente y humanamente, porque no se va a complicar ningún derecho, pero la CFE tiene que ser respetuosa de que los usuarios lo hagan conforme a derecho”. 
 * Foto: Sergio Tapia
En tanto Miguel Aranzola, apoderado legal de la CFE División Valle de México Norte, acusó que el hombre que sigue bloqueando el acceso de la calle Moneda “está exponiendo a los presentes al peligro de contagio”. 
“Hay una tipificación penal sobre esta situación, la petición para la persona es que por favor se retire a atender su situación de salud, no tiene nada que hacer aquí”, dijo. 
Frente al acceso de Palacio Nacional, continúa apostada una ambulancia del ERUM en espera de que esta persona decida retirarse y ser llevado a un hospital para valorar su situación.
rmlgv/rcr
","Por más de 12 horas, hombre presuntamente infectado de Covid protesta en Palacio Nacional",http://www.eluniversal.com.mx/nacion/por-mas-de-12-horas-hombre-presuntamente-infectado-de-covid-bloquea-palacio-nacional
"
Este jueves, la atención de los gobiernos de las 32 entidades del país estará sobre la conferencia vespertina del subsecretario de Salud, Hugo López-Gatell, en la que revelará el color del semáforo en el que se encuentra cada estado.
Nos describen que a pesar de que en los últimos días se han registrado una gran cantidad de contagios y de muertes a causa de la Covid-19, a partir de este lunes 1 de junio concluye la Jornada Nacional de la Sana Distancia y arranca la del regreso a la ""Nueva Normalidad"". Sin embargo, algunos mandatarios estatales nos comentan que esto podría ser un espejismo.
Nos recuerdan que este martes, en la reunión entre gobernadores y autoridades de salud, se mostró el semáforo previo -con cifras al 25 de mayo- y prácticamente todos los estados del país permanecerán en color rojo y solamente Zacatecas se sitúa en color amarillo de acuerdo con el mapa: “Nivel de riesgo general” que les presentó Hugo López-Gatell.
Los gobernadores exigieron a las autoridades federales enviar un mensaje contundente a la ciudadanía para aclarar la confusión que hay entre la sociedad, y que no quede la idea de que a partir del 1 de junio se volverá a la ""normalidad"" y todos podrían salir a la calle y reabrir sus negocios, pues la mayoría de los estados estará en semáforo rojo.
Vender mal la versión de la “Nueva Normalidad” podría ser un espejismo peligroso, advierten. 
 
 grg
",El espejismo de la Nueva Normalidad,https://www.eluniversal.com.mx/nacion/bajo-reserva-expres-el-espejismo-de-la-nueva-normalidad
"
Volkswagen presentó el la nueva Nivus, un crossover fabricado por la firma en tierras sudamericanas, específicamente en Brasil. Este vehículo está basado en la plataforma MQB-A0, implementada en modelos como el Polo y T-Cross.
Algunos detalles del aspecto exterior del auto llevan a pensar que es un coupé, como el frente alargado, y la caída de la parte trasera que reduce la altura de la Nivus. La implementación de plataformas como la MQB-A0 permite a los fabricantes optimizar costos en piezas al compartirlas entre modelos.
Como mencionamos al principio, todo el auto fue ensamblado en tierras sudamericanas, por lo que Volkswagen creó un sistema de infoentretenimiento exclusivo para Latinoamerica, que llevará el nombre de VW Play. Este sistema se opera mediante una pantalla de 10 pulgadas y es compatible con las aplicaciones de Apple CarPlay y Android Auto.

También lee: Las mejores camionetas deportivas que puedes comprar en México
En temas de mecánica, la Nivus incorporará un tren motriz de 1.0 litros tres cilindros, con una potencia de 115 caballos de fuerza y 147 lb-pie de par. El vehículo será impulsado por una transmisión automática Tiptronic de seis velocidades.
La Nivus también contará con alerta de colisión frontal con freno autónomo de emergencia, control de velocidad crucero adaptativo, monitor de punto ciego, cámara de reversa, sensores de proximidad y asistente de estacionamiento automatizado, mientras que el control de estabilidad y seis bolsas de aire vendrán de serie.
La compañía aclaró que la producción de la nueva Nivus comenzará en un par de semanas y Brasil será el primer país en recibirlo, para posteriormente llegar a Argentina en este año. México también recibirá a la Nivus, pero será hasta el primer trimestre del 2021.
El mercado europeo también recibirá el nuevo vehículo de la firma alemana, pero no será exportado desde Brasil, sino que se fabricará en la planta de la firma ubicada en España, donde actualmente se produce el Polo.

",Volkswagen presenta la nueva Nivus 2021,http://www.eluniversal.com.mx/autopistas/volkswagen-nivus-2021-la-nueva-suv-latinoamericana
"
La modelo Demi Rose rompió Instagram con la última fotografía que subió en la plataforma. La estrella presumió bikini body al usar un bañador de dos piezas en color rojo. 

Posó de espaldas, desde un balcón, y giró su cabeza para mirar a la cámara. Como marco, tiene un espectacular paisaje de playas color turquesa. Sumó más de 380 mil reacciones con la publicación. 




 


 

 



 




Ver esta publicación en Instagram


 



 

 

 



 

 



 

 

 



Dreaming of that first plane ride out.. @dannydesantos

Una publicación compartida por  Demi (@demirose) el 27 de May de 2020 a las 1:37 PDT




La fotografía forma parte de una sesión que protagonizó para su amigo, Danny De Santos. Es imagen de la línea de trajes de baño Joselyn Cano Swimwear. 

Demi Rose saltó a la fama en MySpace y después en Instagram. Acaparó los reflectores cuando salió con el rapero Tyga, expareja de la empresaria Kylie Jenner. 

Recomendamos 






¿Reconciliación? Captan a Irina Shayk en la casa de Bradley Cooper


La modelo pasó más de cuatro horas dentro del departamento de su expareja en la ciudad de Nueva York 




Ahora se consolida como una de las modelos con más éxito en redes sociales y poco a poco extiende su carrera a Estados Unidos. El año pasado, se presentó en Miami durante la Semana de la Moda y modeló trajes de baño de la marca Oh Polly. 




 


 

 



 




Ver esta publicación en Instagram


 



 

 

 



 

 



 

 

 



If you don’t stand for something, you’ll fall for anything.  @fashionnova fashionnovapartner

Una publicación compartida por  Demi  (@demirose) el 17 de Abr de 2020 a las 12:27 PDT




A inicios del 2020, visitó Los Ángeles para grabar videos con Fashion Nova, marca de la que es embajadora. También realizó sesiones de fotos en Las Vegas.

Por ahora, cumple la cuarentena en su casa de Londres, pero aún realiza sesiones de fotos para las marcas que representa. 

Hace unos días, sorprendió a sus 14 millones de seguidores al usar un bodysuit ajustado de Fashion Nova. Debido al confinamiento, ha tenido que cancelar sus viajes por el mundo, pero sigue posando. 

Demi Rose confesó a sus seguidores que ha pasado por momentos difíciles tras la muerte de sus padres y ahora en la cuarentena. Pero lo anima a seguir adelante y a ayudar a quienes más lo necesitan o atraviesan por incertidumbre. 

Mira las fotos de Demi Rose en la galería. 




 


 

 



 




Ver esta publicación en Instagram


 



 

 

 



 

 



 

 

 




 

 


Una publicación compartida por Demi  (@demirose) el 1 de Mar de 2020 a las 12:30 PST




Lee 






Brooke Shields presume bikini neón de impacto a los 54 años


La actriz Brooke Shields presumió su 'bikini body' y compartió sus rutinas de ejercicio 



",,https://www.viveusa.mx/showbiz/demi-rose-deslumbra-con-bikini-body-frente-la-playa
"
Varios de los mundialmente conocidos casinos de Las Vegas reabrirá la semana próxima, tras dos meses cierre debido a la pandemia de coronavirus, aunque respetando regulaciones sobre distanciamiento social y limitaciones en el número de personas compartiendo el mismo espacio.

Entre los establecimientos de esta ciudad del oeste de Estados Unidos que anunciaron la reapertura de sus puertas el 4 de junio están el Bellagio --donde se ambientó la película ""La gran estafa""--, New York New York, Ceasars Palace y Flamingo.

""Damos la bienvenida a los visitantes de todo el país para que vengan, para que se diviertan, no de manera diferente a como lo hacían anteriormente, pero pero con cautela"", anunció el gobernador del estado de Nevada, Steve Sisolak, en una rueda de prensa telefónica el martes de noche.




 


 

 



 




Ver esta publicación en Instagram


 



 

 

 



 

 



 

 

 



We're excited to announce the reopening of @bellagio, @nynyvegas, @mgmgrand, and The Signature on June 4. We can't wait to welcome you #BacktoVegas, safely. Plan your visit at the link in our bio.

Una publicación compartida por  MGM Resorts (@mgmresortsintl) el 27 de May de 2020 a las 12:00 PDT




Sisolak explicó que tomó la decisión de reabrir el 4 de junio esta multimillonaria industria de los juegos de azar --base de la economía del estado-- tras consultas con expertos en el área de salud.

Recomendamos: Explora las bellezas de Las Vegas con este tour virtual

""Hemos tomado todas las precauciones posibles"", garantizó Sisolak, que tuvo que cancelar la rueda de prensa en la que haría el anuncio tras la posibilidad de que hubiera sido expuesto al virus la semana pasada.

El gobernador está en cuarentena en su casa mientras espera los resultados de las pruebas.

""No creo que vaya a encontrar un lugar más seguro que Las Vegas el 4 de junio, con los protocolos que hemos puesto en marcha, las pruebas que hemos realizado, con el rastreo de contactos que estará en vigor para ese momento"", sostuvo el gobernador demócrata.

La agencia reguladora de los juegos de azar del estado publicó a principios de mes directrices para la reapertura de casinos, en la que se limita a la mitad la capacidad de ocupación y a tres la cantidad de personas que pueden sentarse en las mesas.
También recomendó que se retiren todas las sillas frente a las máquinas tragamonedas para mantener los márgenes de distanciamiento social.

Los trabajadores de los casinos, sin embargo, se han resistido a volver al trabajo si no se mejoran las medidas de protección.
""Este es un asunto de vida o muerte para los trabajadores"", dijo en un comunicado el sindicato Culinary, que representa a unos 60.000 trabajadores de complejos de Las Vegas.

""Los miembros del Culinary Union y otros empleados del casino se convertirán en trabajadores de primera línea porque somos los que interactuaremos con los huéspedes a diario y con más frecuencia"", subrayó.

El sindicato exige que los trabajadores que estén más expuestos sean sometidos regularmente a pruebas de detección y que se les proporcione equipo de protección si es necesario.

""¿Qué pasa si alguien que llega a Las Vegas asintomático, desarrolla síntomas aquí y decide esconderse en su habitación por un par de días en lugar de pedir atención médica?"", pregunta el sindicato.




 


 

 



 




Ver esta publicación en Instagram


 



 

 

 



 

 



 

 

 



Iconic views that never go out of style.

Una publicación compartida por  MGM Resorts (@mgmresortsintl) el 22 de Ene de 2020 a las 6:05 PST




Lee: ¡Por fin! Los parques de Disney World ya tienen fecha de reapertura

Bill Hornbuckle, presidente de MGM Resorts, declaró que la empresa seguirá una serie de protocolos para mitigar la propagación del virus, como el aumento de tests a los empleados, check-in sin contacto y menús digitales.

""La seguridad de nuestros huéspedes y empleados es prioridad"", indicó en un comunicado.

La radio pública de Nevada afirmó que los casinos están elaborando planes para atraer a turistas de vuelta a ""la Ciudad del Pecado"", ofreciendo estacionamiento gratuito, descuentos en las habitaciones o exoneración de las tasas extras de resort.

Sisolak sostuvo que además de los casinos, iglesias y otros lugares de culto podrán reabrir como parte de la Fase 2, permitiendo hasta 50 personas a la vez, pero cumpliendo con el margen de distanciamiento social.

También instó a la gente a usar máscarillas cuando estén fuera de su casa.

Los negocios que permanecerán cerrados durante esta Fase 2 incluyen establecimientos de entretenimiento para adultos, burdeles y clubes nocturnos.

Según un informe de la empresa consultora Applied Analysis, los visitantes gastaron en esta zona sur de Nevada 34.500 millones de dólares en 2018, apoyando directamente más de 234.000 puestos de trabajo en turismo, informó el Las Vegas Review-Journal en marzo.




 


 

 



 




Ver esta publicación en Instagram


 



 

 

 



 

 



 

 

 




 

 


Una publicación compartida por MGM Resorts (@mgmresortsintl) el 18 de Feb de 2020 a las 1:52 PST




Te interesa: ¿Es buena idea comprar boletos de avión durante la pandemia?
",,https://www.viveusa.mx/destinos/los-casinos-mas-famosos-de-las-vegas-abriran-sus-puertas-el-4-de-junio
"





La Secretaría del Medio Ambiente del Estado de México a través de la Dirección General de Prevención y Control de la Contaminación Atmosférica dio a conocer la extensión provisional del Hoy No Circula debido a la contingencia del coronavirus Covid-19 que se encuentra en Fase 3; además de la multa que será acreedores si violan este programa 
La circulación vehicular será limitada a todos los vehículos que transiten en los municipios de la Zona Metropolitana del Valle de México (ZMVM), Zona Metropolitana del Valle de Toluca (ZMVT) y Zona Metropolitana de Santiago Tianguistenco (ZMST) en un horario de 5:00 a 22:00 horas de acuerdo con el último dígito de placa y al color de engomado, sin importar el holograma que porte o el origen de la placa de circulación, Estado de México o cualquier entidad.
Los lunes no podrán circular los vehículos con engomado amarillo, terminación de placa 5 o 6, los días martes, deben dejar de circular los vehículos con engomado rosa, terminación de placa 7 u 8.
Todos los miércoles dejarán de circular los vehículos con engomado rojo, terminación de placa 3 o 4. Los jueves, no podrán circular los vehículos con engomado verde, terminación de placa 1 o 2.
Los días viernes deberán restringir su circulación los vehículos con engomado azul, terminación de placa 9 o 0, y los días sábado, el primer y tercer sábado del mes los vehículos con hologramas Uno “1” con terminación de placa impar, y segundo y cuarto sábado del mes holograma Uno “1” con terminación de placa par.
Asimismo, todos los sábados del mes, los hologramas tipo ""2"", sin importar terminación de placas.
Monto de la multa Hoy No Circula Edomex Fase 3
En caso de incumplir con las restricciones vehiculares señaladas, la multa es 20 veces el valor de la UMA, equivalente a 1,737.60 pesos, y sólo los agentes de tránsito, tanto estatales como municipales, están facultados para aplicar las sanciones correspondientes.
Te Puede Interesar: 
Hoy No circula Edomex sabatino | Covid-19
",Multa Hoy No Circula Edomex Fase 3: Cuál es el monto ,http://www.unionedomex.mx/articulo/2020/04/24/ciudadanos/multa-hoy-no-circula-edomex-fase-3-cual-es-el-monto
"





Esteban Moctezuma Barragán, secretario de Educación Pública (SEP), señaló durante una reunión trabajo virtual con la Junta de Coordinación Política de la Cámara de Diputados, que el programa Aprende en Casa es equitativo e inclusivo, porque se basa en los Libros de Texto Gratuitos, con los que cuentan la mayoría de las niñas, niños y adolescentes del país.
En este sentido, respecto al tema de discapacidad, los contenidos de este programa cuentan con close-caption, lo que permite a los estudiantes con discapacidad auditiva utilizarlos, además de que se incorporará el lenguaje de señas mexicano.
El funcionario también subrayó que se cuenta con un programa emergente en construcción con diversas agrupaciones dedicadas al tratamiento de la discapacidad, además de que los Libros de Texto Gratuitos también se realizaron en Sistema Braille y Macrotipo, lo que brinda la posibilidad de que muchas niñas, niños y adolescentes con discapacidad puedan utilizarlos, aunque estén en sus hogares.
Aprende en casa es para mexicanos que más lo necesitan
El secretario de Educación señaló que el programa Aprende en Casa tiene la mirada puesta en las niñas, niños y adolescentes mexicanos que más lo necesitan, porque la equidad no es dar a todo mundo lo mismo, sino dar más a quienes más lo necesitan, y con esa convicción se va a construir la Nueva Escuela Mexicana.
El receso escolar que se implementó desde el 23 de marzo pasado, fue una medida de gran ayuda para la salud pues limitó la movilidad de alrededor de 40 millones de personas, entre niñas, niños, adolescentes, jóvenes, madres y padres de familia, docentes, trabajadores y personal administrativo, por lo que la suspensión de clases se tomó en un momento decisivo, dijo.
Y fue con base en los los Libros de Texto Gratuito, que se prepararon más de mil 13 programas de televisión del programa Aprende en Casa, los cuales se transmitirán hasta el 31 de mayo para los alumnos de preescolar, primaria, secundaria y bachillerato, al igual que los contenidos para la capacitación del magisterio.
Libros de Texto Gratuitos sin el eje del aprendizaje a distancia
Esteban Moctezuma también asegura que el eje del aprendizaje a distancia son los Libros de Texto Gratuito que los alumnos tienen desde el inicio del ciclo escolar; el apoyo fundamental del programa es la televisión, la cual llega al 94 por ciento de los hogares del país y garantiza el criterio de equidad.
Destacó también la respuesta de los maestros, particularmente el compromiso que han mantenido con las niñas, niños, adolescentes y jóvenes, durante este periodo.
En este sentido, enfatizó que no se busca sustituir la función magisterial; las maestras y maestros son insustituibles, señaló.
Aprende en casa es para que los niños continúen aprendiendo
Lo que se busca con el programa Aprende en Casa es que las niñas y los niños continúen aprendiendo, y que se mantenga el vínculo entre los padres de familia y los maestros, ya que, en realidad, la escuela es precisamente ese vínculo, no necesariamente el edificio, planteó.
El Secretario de Educación agregó que Aprende en Casa es un esfuerzo de autoaprendizaje, en el que los padres de familia participan ayudando a sus hijos a aprender, lo que ha contribuido a que entre los sectores con mayor reconocimiento durante esta pandemia por COVID-19, sea justamente el magisterio.
El trabajo realizado mediante el programa de Aprende en Casa ha sido reconocido por la UNESCO. Incluso, algunos países de Latinoamérica han solicitado asesoría para llevarlo a cabo.
TAMBIÉN PUEDES VER:
Municipios que regresan a clases el 17 de mayo en Puebla
Cuándo inicia la Fase 3 del coronavirus en Puebla
Puebla decreta uso obligatorio de cubrebocas por Covid-19
En Puebla puedes hacer tu evaluación de Covid-19 por whatsapp
Hospitales privados se unen contra Covid-19. Cuántos hay en Puebla
Coronavirus: Cursos en línea para tratamientos de Covid-19 con FCS
Cuál va a ser la duración de la cuarentena en México | Covid-19
Inteligencia emocional ayuda a sobrellevar cuarentena: Ibero Puebla
","Aprende en Casa, fundamental para construir Nueva Escuela Mexicana",http://www.unionpuebla.mx/articulo/2020/04/29/educacion/aprende-en-casa-fundamental-para-construir-nueva-escuela-mexicana
"
A través de un comunicado por parte de su bufete de abogados, Christian Chávez dio a conocer la notica de que ya presentó una denuncia ante la Fiscalía General de Justicia en contra de su expareja, Maico Michael Kemper, por varios delitos entre ellos el de extorsión. 
El actor mexicano decidió tomar acciones legales luego de que Maico lo acusó de violencia familiar tras romper su relación; ambos se conocieron en 2018 y el holandés decidió venir a vivir con él a México desde 2019. 
""Nuestro cliente en ningún momento ha sido juzgado con antelación como erróneamente se ha estado manifestando por la contraparte, razón por la cual no puede hablarse de que tenga antecedentes de alguna índole"", dicta el comunicado oficial. 

También lee: Carmen Muñoz deja en paz ""Enamorándonos"" y se enfoca en ""Al Extremo""

Según la investigación, Kemper y su abogado han manifestado su intención de extorsionar a Chávez con tres millones de pesos, así como han buscado fabricar pruebas para imputar al exRBD el delito de agresión. 
Kemper ha asegurado que tomó la decisión de denunciarlo luego de que un golpe en la cabeza lo llevara al hospital, pero que también había sufrido violencia psicológica por parte del actor. 

Mientras tanto, Christian Chávez no ha hablado al respecto y a través del mismo comunicado se asegura que la indicación jurídica es que no de ninguna declaración sobre los trámites legales que está llevando a cabo, ya que esto podría entorpecer las labores que se están realizando. 

También lee: Anahí complace a fans y canta “Sálvame” de RBD durante la cuarentena
Esta mañana el actor compartió en su cuenta de Instagram su rutina para cuidar la piel y no hizo ninguna mención, pero con anterioridad dejo un video de aclaración para sus fans, en el que contó que decidió por amor propio tomar medidas legales para no caer en chantajes, así mismo aseguró que está bien y continuará su vida porque no tiene nada que temer. 
""Sí estoy pasando por un proceso un poco complicado que se va a arreglar por la vía legal, yo no pienso difamar a nadie porque no está en mi esencia, creo fielmente en la justicia y la verdad, lo que sí les puedo decir es que las relaciones tóxicas son algo que te puede costar muchísimo si no alzas la voz desde el principio"", dijo Chávez.

 



 


 

 



 




Ver esta publicación en Instagram


 



 

 

 



 

 



 

 

 



#paralasrelacionestoxicas

Una publicación compartida de  Christian Chávez (@christianchavezreal) el 20 May, 2020 a las 2:23 PDT



al
",Christian Chávez demanda a su exnovio por extorsión,http://www.eluniversal.com.mx/espectaculos/farandula/christian-chavez-de-rbd-demanda-su-exnovio-por-extorsion
"


La Unidad de Inteligencia Financiera, a cargo de Santiago Nieto, ha presentado 19 denuncias relacionadas con el delito de delincuencia organizada y/o narcotráfico desde diciembre de 2018 a mayo 2020 presentadas ante la Fiscalía General de la República. Para quien lleva una de las labores eje del gobierno de Andrés Manuel López Obrador, combatir la corrupción, se necesita que la impunidad se termine.
 Sobre su escritorio están varias de las investigaciones en las que se sustentan las denuncias. Mientras responde en la entrevista, toma los informes de para respaldar todo lo que dice.
 Estas 19 denuncias donde hay depósitos por más de siete mil millones de pesos en cuentas de 118 personas físicas y 50 personas morales.

¿Cuáles son los cárteles a los que se enfrenta la UIF?

Tenemos dos cárteles supra nacionales, el cártel del pácifico y cártel jalisco nueva generación; y tenemos ocho cárteles regionales, que fueron creciendo durante el anterior sexenio.
 Puedes leer: Dieron carpetazo a 12 denuncias contra García Luna
 A partir de ahí hay un tema de mutación.Yo plantearía que hay ocho cárteles fuertes incluyendo regionales. Ahora se dedican a otras actividades delictivas. Los ocho se dedican al narcotráfico, pero siete también a secuestro y extorsión; en robo de hidrocarburos tenemos a cuatro. En realidad lo que tenemos es una proliferación de otro tipo de actividades delictivas. Ejemplo más claro: Santa Rosa Lima empezó con robo de hidrocarburos y transitó hacia un modelo distinto que fue secuestro y extorsión.
 El tema está en la generación de casos y acuerdos de bloqueo. Tenemos ahora 980 millones de pesos bloqueados a la delincuencia organizada, en lo que va de la administración. Un acuerdo importante sería el 230/19, que llevó a 330 personas del cártel de sinaloa bloqueados. Estamos trabajando un esquema igual para el cártel jalisco nueva generación y también trabajando uno para la unión tepito.

¿Con qué fin?
No puedes combatir la delincuencia organizada sin combatir otros fenómenos. Primero combatir el sicariato y a los jefes de los cárteles, como lo hizo el sexenio anterior; sin embargo fue un fracaso la estrategia, porque no se tocó las estructuras financieras. Segundo, no se atacó la corrupción política, mientras que haya presidentes municipales coludidos conestos grupos, finalmente tendrán un soporte para poder enfrentarlo. Tercero, no se tocó la corrupción judicial y ministerial, y mientras haya jueces y que les otorguen amparos y ministerios públicos determinen no ejercicios de la acción penal, habrá siempre un halo de protección jurídica. Y al final se no se atacó porque no era una prioridad de gobierno.

Por qué nos enteramos ya que dejan el puesto de lo que hacían los políticos, como Los Zetas en Texas, García Luna en Nueva York?
Mira García Luna, por ejemplo, nosotros llegamos a él vía corrupción política y no narcotráfico. Pero también es cierto que nosotros le dimos la información a Estados Unidos sobre la corrupción política porque no la tenían y finalmente esta empresa Nunvav era la que pagaba el esquema de vida de García Luna en Miami, pero… Podemos ir viendo casos (Abre el informe sobre su escritorio). Hay casos que para nosotros son muy relevantes .Este, por ejemplo, de Isidro Aguilar Gutiérrez, hablando de servidores públicos. Magistrado Federal. (separado de funciones en 2019). Víctor Bernal García que tiene la defensa entre otros del Pelos, El Mayito, faltaría aquí El menchito, que son personas del Cártel Jalisco Nueva Generación. Lo interesante lo que hacía este sujeto, era pagarle al magistrado federal, relacionado con otros dos magistrados, él también modificó la sentenciaen favor del Z2. Le encontramos 76 mdp en sus cuentas del consejo de la judicatura federal, el consejo le había pagado 26 millones, tenía 50 millones queno podía justificar. Nosotros todo lo que hicimos fue revisar de 2004 a 2019. Fue cuando se denunció en Seido (Subprocuraduría Especializada en Investigación de Delincuencia Organizada), en fiscalía anticorrupción, y esta obtuvo la orden de aprehensión, Seido no ha avanzado en esta investigación. Fue el primer caso de alguien relacionado con el cártel, un alto funcionario. Este sería un caso importante.
Lee también: Chocan FGR y UIF por cuentas de Universidad de Hidalgo

¿Y los notarios de las empresas?
En realidad lo que necesitamos es la información de los notarios. Lo que sí hemos visto… son casos puntuales. Que siempre hacen con un notario los movimientos. (Abre informe) Contador del cártel jalisco nueva generación. Este es una persona que si bien había fallecido, se detectó en 2018 que él había sido el contador de toda la estructura financiera del cártel Jalisco en Guadalajara, lo detienen y muere en el centro penitenciario. No obstante, para 2019 sus cuentas seguían operando, entonces nosotros analizamos la estructura financiera, e hicimos un bloqueo de cuentas. Todas estas empresas, él es accionista, todas las usaban para lavar dinero. Él es dueño de estas empresas de autotransportes, la teoría es que parte del dinero para constituir venía del cártel, del Sapo, cabeza del cártel jalisco en Puerto Vallarta. Tiene dos identidades. En una encontramos recursos, en la otra no. A este tipo de personas los listamos. Ovidio Guzman, no estaba listado. En la lista de personas bloqueadas.

¿A qué se debe?
Negligencia de la anterior Administración, no tenerlo visibilizado. No había una denuncia. Se dejaron ciertos sectores sin tocar. Estos son los acuerdos en lo que va de la administración: 63 acuerdos relacionados con delitos contra la salud. 46 delitos fiscales, 35 corrupción, 23 demigrantes, 23 robo de hidrocarburos, 15d e fraude, 8 de trata de personas, 2 delitos electorales. 30% delitos contra la salud. Tenemos 19 denuncias ante la Fiscalía General de la República por lavado de dinero relacionado con grupos delincuenciales.(Abre informe) Relacionado con Sandoval (Ex Gobernador Nayarit). En teoría era el jefe de Veytia (Ex Fiscal de Nayarit), en realidad eraal revés, pero encontramos relación con este joven, amigo del hijo. Era el dueño de las tarjetas de consumo American Express, ellos terminaban pagando 19 millones de pesos a su tarjeta. Los beneficiarios eran los hijos de Sandoval. Encontramosal operador financiero del hijo, analizamos las empresas que tenían los hijos y la esposa.

¿Alrededor de cuántas empresas?
Ocho, denunciadas y bloqueadas. Identificamos cómo Sandoval le mandó dinero a César Duarte (Gobernador de Chihuahua) a través de la empresa ganadera División del Norte, para la compra de ganado fino en 2016 por un millón de pesos. Sandoval y César Duarte traen ganado de Nueva Zelanda y lo introducen en sus respectivos ranchos en Chihuahua y en Nayarit. Compran tierras, con una red de empresas fachada, le trasladan recursos. El representante legal tiene 82 años. Jubilado.
Te puede interesar: AMLO señala encubrimiento en caso García Luna

¿Cuánto duró este esquema?

El gobierno de Peña Nieto, bueno ellos salieron en 2016…

Pero, es que vuelvo al tema que siempre es después de que gobernaron…
Hay una deficiencia institucional, muchas veces las autoridades locales no tienenla fuerza suficiente para detener a los gobernadores en ejercicio de sus cargos. También tiene que ver con nuestros proceso de revisión. La Auditoría Superior de la Federación conoce los casos ya que se conoce la información de la cuenta pública, ya estamos hablando de una diferencia. Primer elemento. Nosotros estamos haciendo trabajos relacionados con los temas de corrupción, pero también hay que entender que nosotros podemos combatir la corrupción, digamos denunciar a un ministro para que renuncie, que termina renunciando o a un líder petrolero que termina renunciando. Pero mientras no se lleve a los responsables a los tribunales se combatirá la corrupción pero no la impunidad. Yo creo que lo central es combatir la impunidad. Aquí en el caso Sandoval se requiere que los asuntos caminen en la Fiscalía General y en la fiscalía local del estado .(Abre Informe) Cártel de sinaloa. Operadores financieros del cártel. Encontramos depósitos por 456 mdp, retiro por 7 millones. En esta cuenta lo que entra, sale. Son operadores financieros del cártel. Todos los casos ya están denunciados ante la FGR.

¿Resultados?
Yo creo que depende la fiscalía…(Las 19 denuncias continúan abiertas) (Abre informe) Unión tepito. Encontramos un grupo en la CDMX que les hacen 18 empresas, que son el mecanismo mediante el cual la Unión tepito, termina lavando los recursos, con exportación, exportación a China por ejemplo. Trata de persona, narcotráfico. Incluido encontramos alguna vinculación con gente de Morena.

¿Qué tipo?
Aparecen en fotografías en evento
También lee: Suma ""El Lunares"" otro delito federal por delincuencia organizada

¿Perfil?
Medio bajo

¿Morena CDMX?
Sí, efectivamente.

Es muy dificl que no vieran todos estospatrones en los gobiernos anteriores, ¿no?
No sé, habría que verlo con ellos, pero es muy claro… se requiere pegarle a la estructura financiera, uno de los mecanismos más efectivos es el congelamiento de cuentas. Se permite que por lo menos no puedan introducir al sistema financiero. Aun cuando ganen un amparo y les den un cheque con el dinero que se les congeló, no lo pueden introducir al sistema financiero.

Harán bloqueo tras bloqueo...
Y denunciando casos... También hemos visto que como en el caso del magistrados, y de Sandoval, fue más fácil trabaja rcon la fiscalía anticorrupción que con la Seido, delincuencia organizada... El objetivo será ese, cómo nos hacemos más eficaces para combatir este tema.
 
","Van por cuentas bancarias de García Luna, CJNG y la Unión Tepito",http://www.eluniversal.com.mx/nacion/van-por-cuentas-bancarias-de-garcia-luna-cjng-y-la-union-tepito
"
El chile es un alimento con múltiples beneficios para la salud, uno de ellos, es que contiene una sustancia que puede ayudarte a aliviar la inflamación intestinal. Si quieres conocer qué pasa si comes chiles picantes, en Menú te lo diremos. 
Los chiles picosos son muy especiales porque además de darle sabor a tus platillos podrías obtener un remedio natural para tratar la inflamación intestinal. Esto es posible gracias a una sustancia llamada capsaicina, la cual le aporta el picor a este alimento y provoca la sensación de ardor o calor en la boca.
De acuerdo con un estudio publicado por la Universidad de Minas Gerais en Brasil, la capsaicina es una sustancia que tiene funciones antiinflamatorias, anticancerígenas, antioxidantes y capaces de disminuir la grasa corporal. 
Leer también: La mejor receta para salsa verde y roja

El estudio de la Universidad de Minas Gerais encontró que la capsaicina podría ser un tratamiento natural para reducir la inflamacion intestinal, estos efectos beneficiosos se demostraron a través de algunas pruebas en animales, con lo cual concluyeron que la sustancia presente en los chiles es un potencial analgésico y antiinflamatorio.
Asimismo, el estudio anterior señala que la capsaicina es absorbida por el intestino en casi un 90 por ciento, es decir, que los alimentos picantes son absorbidos por el organismo de manera rápida, acelerando el metabolismo y atribuyendo sus propiedades a la salud del intestino. 
Por otro lado, un estudio publicado por la Academia Nacional de Ciencias de los Estados Unidos señala que la capsaicina que contienen los chiles tiene un papel fundamental para el buen mantenimiento del intestino, ya que la ingesta continua de este alimento podría generar protección en las paredes intestinales y de esta forma evitar enfermedades inflamatorias. 
Leer también: Descubre qué es la salsa macha y aprende a prepararla
De acuerdo con la información de la Academia Nacional de Ciencias, dicha protección es generada por que la capsaicina provoca que el sistema nervioso se conecte al sistema inmune tolerante del intestino. Con ello se llegó a la conclusión de que los chiles pueden ser un tratamiento natural por excelencia para tratar enfermedes como la colitis o la enfermedad de Crohn. 
Aunque se ha explorado poco el uso de la capsaicina como tratamiento, es necesario considerar que el consumo de chiles picosos debe medirse puesto a que un articulo publicado en la revista médica Galenus, declara que si la sustancia presente en los chiles es ingerida en grandes cantidades puede tener un alto nivel de toxicidad. 
Hay que precisar que en el estudio se usaron chiles naturales y no en grandes cantidades. Así que las salsas procesadas, que se pueden encontrar embotelladas en el supermercado, no son parte de esta alternativa. 
Además es importante mencionar que antes de comer frecuentemente este alimento, debes consultara un experto si padeces alguna enfermedad intestinal o úlceras gástricas. 


",Por qué los chiles picosos pueden aliviar la inflamación ,http://www.eluniversal.com.mx/menu/por-que-los-chiles-picosos-desinflaman-el-intestino
"
Texto: Carlos Villasana y Ruth Gómez.
Uno de los personajes necesarios para conocer a la Ciudad de México es, sin duda, el guía turístico, que comparte con residentes y visitantes la historia, leyendas o mitos que identifican a la capital.
Francisco Ibarlucea, comunicador y cronista, comenta en entrevista que para hablar sobre el origen de los guías turísticos en la capital nos tenemos que remontar a la época prehispánica, ya que existían los “coacallis”, similares a cuartos en renta, y para los primeros años del virreinato surgirían las hospederías y mesones -que dieron nombre a la calle del Centro Histórico-.
Sin embargo, no se puede considerar que eran viajes turísticos, sino por comercio, alguna celebración religiosa o por batallas.
Francisco explicó que cuatro años después de la caída de Tenochtitlan se funda el primer mesón colonial presumiblemente en la actual ciudad de Orizaba, era una ruta muy importante, la de Veracruz a la capital novohispana.
Dice que Francisco Aguilar fue el primer mesonero en Nueva España y Pedro Hernández el primero en solicitar licencia como mesonero en la Ciudad de México.
Cabe aclarar que si bien durante el virreinato se construyeron caminos, hospederías, tabernas y otros sitios, el objetivo era que quienes viajaban por comercio tuvieran un lugar de descanso, pero no se puede hablar de la figura del guía de turistas tal como la conocemos hoy en día.
Gemelli Careri (1651–1725), el primer turista en hacer un viaje alrededor del mundo, pasó por Nueva España y visitó Teotihuacán; sin embargo, fue hasta el siglo XIX que en la ciudad se empezaron a ofrecer servicios de diligencias a caballo y se abrió el Mesón del Espíritu Santo situado en Refugio y calle del Espíritu Santo (1818), al que se le agregó un piso y se le nombró entonces como “Hotel Gran Sociedad”, el primer establecimiento en América en usar el nombre de Hotel.
Para 1874, ya había 50 mesones en todo el país y para las fiestas del Centenario de la Independencia, en 1910, Porfirio Díaz inauguró de manera oficial la zona arqueológica de Teotihuacán, lugar en el que empezaron a trabajar los primeros guías turísticos.
Sin embargo, fue hasta el periodo presidencial de Miguel Alemán que se publicó la primera Declaración Turística del país y en 1947 apareció y se reguló la figura de Guía de Turistas.
En el famoso ""Blue Book"" (Libro Azul) de Massey Gilbert and Company, Directorio en inglés para la Ciudad de México, en el apartado de guías turísticos e intérpretes únicamente existen dos, ambos de origen extranjero. Uno se encontraba de fijo en el Hotel Iturbide y el otro era un particular. Colección Villasana - Torres.
Registro fotográfico de El Mundo Ilustrado sobre una excursión escolar en Teotihuacán a principios del siglo XX. Colección Villasana - Torres.   
Teotihuacán cerca de los años veinte y treinta del siglo XX. Colección Villasana - Torres.

A lo largo de la historia, son dos los momentos en los que se consagró esta figura: los Juegos Olímpicos de 1968 y el Mundial de Fútbol 1970,  ya que se necesitaba informar tanto a los atletas internacionales como a los espectadores nacionales y extranjeros acerca de los encuentros deportivos, los servicios y de la oferta cultural o de entretenimiento en la urbe.
Desde niño, a Francisco le interesó compartir con su familia, que vivía fuera del país, la historia de México.
De acuerdo a su experiencia, la relación entre la historia, los monumentos y los sitios arqueológicos es bastante cercana ya que “la escenografía ya está puesta, solo tienes que enfocar al visitante, ¿cómo? Pues, somos especialistas en arquitectura, historia, crónica, urbanismo, iconografía religiosa, cultura popular y sin ser académicos, dar la información que ya existe… En cada recorrido se aprende algo nuevo”.

Módulos de información que se instalaron en el Paseo de la Reforma durante las Olimpiadas de 1968. En estos kioskos se daba información de las sedes y horarios de los eventos deportivos y culturales que tenían lugar durante las olimpiadas de 1968 en nuestro país. También se orientaba a turistas nacionales y extranjeros.  Colección Villasana - Torres.


Francisco durante dos de sus recorridos, uno peatonal en el Centro Histórico y otro, teatralizado al interior de un museo. Cortesía Francisco Ibarlucea. 
Su llegada a los Paseos Culturales en Tranvía coincidió con la remodelación del Centro Histórico, en el 2002, y por ello, hubo una gran efervescencia sobre “re-conocer” el centro capitalino.
Francisco tuvo oportunidad de entrar cuando la licenciada Beatriz Gómez y Juan Ramón Jiménez planearon los recorridos de cantinas y leyendas -ideados por Roberto Jiménez Novoa- fue entonces que le solicitaron asesorías.
La planeación de las rutas que debían de seguir los recorridos requerían de un gran equipo: historiadores, guías, choferes, narradores orales y actores intercambiaban ideas para que los recorridos fueran atractivos para los habitantes y visitantes de la Ciudad de México debido a que la duración era variable, de 2 a 4 horas:
 “Creamos sin querer un nuevo tipo de profesionista cultural: el guía-cronista-historiador- narrador-dramaturgo. En 2011 me invitaron a Paraguay para dar asesoría en el ministerio de Cultura de Asunción, con motivo del Bicentenario de su Independencia”, dice Francisco.
Las caracterizaciones sobre el tranvía empezaron en 2004 con funciones ininterrumpidas en diversos escenarios y con decenas de personajes históricos y de leyenda.
Francisco y sus compañeros después de un recorrido teatralizado. Cortesía Francisco Ibarlucea. 
Debido a la pandemia del Covid-19, el último recorrido que Francisco realizó fue a mediados de marzo en el Salón de Cabildos del Antiguo Palacio del Ayuntamiento con su colectivo “Custodios del Patrimonio”; desde entonces Jermán Argueta, otros amigos y él han impulsado una iniciativa en Facebook llamada las “Fogatas de cuentos” y en 4 semanas han logrado 3 mil colaboradores en 10 países.
En cuanto a cifras de visitantes, Francisco explica que todo varía según la temporada “pero es del orden de 30% extranjeros y 70% turismo nacional; justo en la temporada de marzo a junio sube bastante el porcentaje de extranjeros”.
Para su preparación como actor, nuestro entrevistado tomó cursos durante más de 7 años  con diversas personalidades como: Héctor Bonilla, Manuel Cruz, Pol Pelletier, Jermán Argueta, Moisés Mendelewicz, Rosa María Durand o Julio César Ortega.
De todos los personajes que ha interpretado al que más le gusta caracterizar es a Manuel Tolsá, ya que es gran admirador de su trabajo: “lo considero el arquitecto más relevante, visionario y ´creador de ciudad´ que hemos tenido. En muchos aspectos me sentía muy cercano a su vida personal. Interioricé mucho a este personaje”.
Sus lugares favoritos para visitar son Coyoacán al interior de la CDMX, porque lo considera limpio, seguro, con buena oferta gastronómica, dinámico patrimonial y, por el tranvía turístico, ya que ofrece al visitante un escaparate. Al exterior, pocos destinos pueden competir con Teotihuacán o  la Riviera Maya, tanto por su historia como por su belleza.
A pesar de que esta es una época sumamente compleja y el sector turístico es uno de los más afectados, Francisco nos comparte que su trabajo es una actividad muy noble, ya que es un privilegio acceder y laborar en lugares con tanta historia, por ejemplo:
“Hacer teatro en un panteón en la noche, o un montaje histórico en el Salón de Cabildos, o conocer cada rincón de la Casa Rivas Mercado, haber tenido maestros como Jermán Argueta, Moisés Mendelewicz, Rosa María Durand, Héctor Bonilla, Mariano Monterrosa, Ángeles González Gamio, Eduardo Matos Moctezuma o el artista plástico Felipe Rällas”, dijo.
Entre los turistas a los que les ha dado recorridos están el entonces Alcalde de Londres -y hoy primer Ministro del Reino Unido- Boris Johnson, a las Miss Universo en 2007 o diversos empresarios y diplomáticos.
Lo que más le gusta de su trabajo es ver las reacciones de las personas, que muchas veces es de asombro: “es como si fueran niños que por primera vez tuvieron una hermosa experiencia”.
Francisco en compañía de Boris Johnson. Cortesía Francisco Ibarlucea. 
Para él, entre las características que tienen los guías turísticos es ser especialistas en arquitectura, historia, crónica, urbanismo, iconografía religiosa o cultura popular y, si es posible, hablar más de dos idiomas. Asimismo, ser comprometidos, muy versátiles y atentos para lograr que el visitante tenga una estancia entrañable.
Desde su punto de vista, la figura del guía turístico debería de ser reconocida como “trabajadores en la preservación de la memoria, ya que como dice Juan Villoro: La civilización comenzó en torno a una fogata. Los gobiernos del mundo deberían saber que eso sirvió para tres cosas imprescindibles: calentarse las manos, preparar comida y contar historias”, culminó.
Francisco y un grupo de visitantes en la ahora calle peatonal de Madero, en el Centro Histórico capitalino. Al fondo la Torre Latinoamericana. Cortesía Francisco Ibarlucea. 
Yuriko Mizue Sánchez Trejo, coordinadora del Centro de Formación y Capacitación Turística Adolfo López Mateos, comentó que la mayoría de los mexicanos “convivimos y estamos inmersos en una gran tradición histórica. Vivimos a un lado de zonas arqueológicas, monumentos históricos y museos, así que muchas de las personas que se dedican a la actividad lo ´llevan en su sangre´ y les gusta contar con mucho orgullo las historias de nuestro México”, por lo que algunas optan por hacerlo de manera profesional y oficial, mientras que otros lo hacen por su parte.
Al igual que Francisco explica que para la planeación de recorridos se tiene que tener a un equipo multidisciplinario y también tener en cuenta los intereses particulares y el tiempo que disponga cada turista o grupo de turistas, ya que algunos podrían gustar de conocer zonas, sitios o historias de la ciudad que no sean las de “cajón”, como Centro Histórico, las colonias famosas o Coyoacán, por citar algunos ejemplos.
 

Compara el antes y después deslizando la barra central 
(clic aquí para ver más grande)


Narra que para este sector hay diversos esquemas de contratación: uno de ellos es donde una agencia se encarga de pagar a un guía una cantidad específica y, aún así, tienen la oportunidad de recibir propina de la audiencia.
Otro, que desafortunadamente ha proliferado en los últimos años, es donde muchas agencias sólo les pagan con las propinas -compartidas con el conductor- y en algunos casos, la agencia les descuenta un porcentaje de esas propinas.
Aunado a esto, nada asegura que los guías de turistas puedan tener alguna prestación laboral o de reparto de utilidades. Por otro lado, están los guías de turistas independientes, cuyos servicios son contratados directamente por la gente que está interesada en conocer la ciudad a través de ellos.
“No existe un tabulador de servicios de guías que ordene los precios de recorridos, por lo que se puede contratar el mismo recorrido turístico por 100 o hasta mil 500 pesos. El ser guía certificado no hace la diferencia, ya que se compite, de manera desleal, con personas que se ostentan como guías y que han proliferado en los últimos años.”, aseveró.
Desde finales de febrero de 2020 y debido al Covid-19, la situación ha sido complicada para el centro y, por ende, para sus guías y a pesar de que las dependencias gubernamentales los han apoyado con despensas, la mayoría de sus guías han tenido que buscar trabajos en diversas áreas, sin importar si la remuneración es lo suficiente.
Considera que, como un reconocimiento a la importancia del guía turístico en la capital -y a nivel nacional-, se podría generar un programa donde se profesionalice íntegramente esta labor ya que todos, guías de turistas y habitantes de la ciudad, representan con orgullo a la capital cada vez que explican el origen de una palabra, la historia detrás de un edificio o  actúan la vida de algún personaje ícono de la Ciudad de México.
La fotografía principal es de El Mundo Ilustrado sobre una excursión escolar en Teotihuacán a principios del siglo XX. Colección Villasana - Torres. La comparativa antigua es la imagen de un camión de la Ruta 100  en los años ochenta, que estaba destinado para transportar grupos turísticos en la Ciudad de México.
Fuentes:

Libro Introducción al Turismo, Guerrero González P, y Ramos Mendoza, J.R. Ed. Patria, México, 2014.

Francisco Ibarlucea, Comunicador, Performanchero Tlalocke, Storyteller, cronista de la Ciudad de México.

Yuriko Mizue Sánchez Trejo, Coordinadora del Centro de Formación y Capacitación Turística Adolfo López Mateos.

 
",Guías de turistas: historiadores y actores ,https://www.eluniversal.com.mx/opinion/mochilazo-en-el-tiempo/guias-de-turistas-historiadores-y-actores
"
Naucalpan, Méx.- La agresión de un presunto notario a su esposa, captada en video, quien sería sacada de su casa en plena pandemia por Covid-19, fue cuestionada por Colegios de Notarios y por la diputada Karina Labastida, quien informó que la Fiscalía del Estado de México y la Comisión Ejecutiva de Atención a Víctimas mexiquense ya investigan el caso.
En redes sociales circula un video en el que se observa que un hombre, presuntamente notario del Estado de México, con sede en Naucalpan, jala en repetidas ocasiones a una mujer, quien pide auxilio en la calle, mientras está en el piso.
 “¡Por favor llame a la policía, mírelo cómo se está poniendo”. Una persona que iba pasando intentó ayudar, sin embargo se fue del lugar al conocer que son pareja, “pero es su esposo” y se retira argumentando que no puede hacer nada.
 
-“¡No me puedes sacar Horacio!”, grita enfática la mujer.
 
-¿Por qué no?, le responde quien presuntamente es su marido.  
 
-“Es mi casa y no me puedes sacar de ahí”, le argumenta la mujer mientras está hincada en el piso de la calle.
 
-“Me las das por las buenas o por las malas”, repite el hombre quien trata de quitarle unas llaves.
 
-“Me estás amenazando” solloza la mujer, quien empuja la puerta donde el hombre trata de impedirle el paso.
 
-“¡Déjame, no te voy a dar las llaves!” grita la mujer, mientras el hombre la jala de su ropa interior al meter su mano al pantalón de ella.
 
-¡Suéltame, me estás lastimando, entiéndelo! grita la mujer, “¡esta es mi casa no me puedes sacar de aquí!”.
 
“¡Tú no tienes nada aquí!”, le responde el hombre que fue identificado como Horacio, presunto notario del Estado de México.
 
Policías de género de Naucalpan, acudieron al auxilio de la señora para bridar apoyo y asesoría, sin embargo ella les informó que ella atendería el caso con sus abogados, informaron autoridades locales.
EL UNIVERSAL solicitó versión al Colegio de Notarios del Estado de México, quienes aún no emiten una postura. Además a  la Notaría 102 del Estado de México con sede en Naucalpan, donde los números telefónicos no responden y las oficinas aparentemente no tienen actividad.
No obstante el Colegio de Notarios de la Ciudad de México lamentó el hecho, aunque apuntaron que no tienen facultades de actuación, pues la persona que se menciona no es miembro de ese Colegio. “No obstante, promovemos respeto total a las mujeres  y consideramos reprobable e injustificada cualquier agresión en su contra”.
La legisladora Karina Labastida quien preside comisión de violencia de género, afirmó que “me he manifestado desde hace años en contra de la violencia contra las mujeres, desde lo más mínimo, hasta los asuntos más graves y esta nop es la excepción”.

 

Circula video en redes sociales @Edomex @GobNau es importante verifiquen qué pasa. #VIDEO | Este es el Notario 102 de Nombre Horacio Aguilar Alvarez de Alba, violentando a su esposa.
Esto sucedió en Notaria 102 en Naucalpan estado de México.
“Por las buenas o por las malas” pic.twitter.com/ftlE9bJhbX
 — Satélite Alerta (@SateliteAlerta) May 28, 2020

lr/fml
","""Por favor llame a la policía""; captan a supuesto notario del Edomex cuando agrede a mujer ",http://www.eluniversal.com.mx/metropoli/edomex/video-captan-supuesto-notario-del-edomex-cuando-agrede-mujer
"
Banco de México (Banxico) pronosticó una caída profunda para la economía nacional de hasta 8.8% para este año y para el siguiente una recuperación con un crecimiento de 4%.
 
Con ello, el banco central tiene la expectativa más severa para la economía mexicana que se ha hecho en lo que va del año, de entre los principales organismos financieros internacionales.
Lo anterior del banco central era de un crecimiento para la economía en 2020 de un intervalo de entre 0.5% a 1.5%.
La previsión del Banxico significaría la mayor caída para la economía nacional desde 1932, cuando entonces se desplomó 14.8%.
 
Para el 2021 estaba entre 1.1% a 2.1%
 
La expectativa de la Secretaría de Hacienda y Crédito Público (SHCP) para el 2020 va de un rango establecido de una contracción de 3.9% a un avance de 0.1%; para el 2021 es de un crecimiento entre 1.5% y 3.5%.
 
El Fondo Monetario Internacional (FMI) tiene un estimado para la economía mexicana de un retroceso de 6.60% para este año, y de un crecimiento de 3% para el 2021.
 
El Banco Mundial estima una caída de 6% para este año y para el siguiente un avance de 2.50%.

Banxico prevé destrucción de hasta 1.4 millones de empleos este año
El Banco de México (Banxico) prevé que un escenario adverso se pierdan entre 800 mil y hasta 1.4 millones de empleos formales durante este año como consecuencia de la crisis sanitaria generada por el Covid-19.
Al presentar el Informe Trimestral enero-marzo 2020 detalló que este deterioro se debe a la incertidumbre que genera la pandemia y que puede ocasionar, en un escenario adverso, que la economía mexicana se desplome hasta 8.8% este año, la peor contracción desde 1932.
Banxico prevé que la destrucción de empleos se extienda y se pierdan otros 200 mil trabajos adscritos ante el IMSS en 2021 en el peor de los escenarios.
El instituto central anticipa una recuperación para la economía mexicana de 4% para el próximo año. 
Con información de  Leonor Flores
vcr/hm
",Banxico prevé caída de hasta 8.8% en economía mexicana por Covid-19,http://www.eluniversal.com.mx/cartera/finanzas/banxico-preve-caida-de-hasta-88-en-economia-mexicana-por-covid-19
"

Usan las estadísticas como los borrachos usan las farolas: para apoyarse en lugar de para iluminarse”

Adrew Lang.

 

Realmente, las cifras no son el fuerte del presidente López, un hombre como él, de egregia imaginación, termina desbordando fantasías en los números, convirtiendo a la realidad en “otros datos”.

Hace unos días, en su mañanera, el presidente rabió pero logró contenerse, estuvo a nada de una metida de pata histórica para la relación del Estado Mexicano con la prensa y es que, a López, no le gustan los datos que él considera cada quien interpreta a su modo.

Construido con datos oficiales, el centro de investigación Johns Hopkins coloca a México en el top diez de países con más muertes por Covid-19, nos superan Estados Unidos, Gran Bretaña, Italia, Francia y Brasil, entre otras naciones, sin embargo cuando el análisis se hace con base a la tasa de muertes por contagio que resulta de la comparación poblacional, tenemos el número más alto en América Latina: 10.7%.

Cierto, Brasil tiene más muertes que México, unas 25 mil, pero su tasa, dado el número de muertes de contagiados, es menor, 6.2%.

El presidente quiso, con el poder de su palabra y nada más, descalificar los números que más tarde la Secretaría de Salud confirmase y llamó a los medios de comunicación, incluida esta casa, a “deponer su actitud” o se vería obligado a… Y prefirió irse por las ramas, ¡enhorabuena por la moderación!

Nadie quiere hacerle guerra a López Obrador, desde el principio de su gestión ha tenido la posibilidad de pactar con todos los actores políticos y sociales desde una posición ultraprivilegiada, pero ha sido él mismo quién dinamita acuerdos antes de siquiera sentarse a la mesa. Esto tendrá consecuencias políticas que, seguramente, ya veremos en un futuro muy próximo.

Sin embargo, llama la atención que el Doctor Hugo López-Gatell quiera salvar las frases de su jefe, el hombre de la gran fuerza moral que no contagia, sosteniendo que en México “sobreestimamos la letalidad”.

Tiene razón el subsecretario, si el país hubiese dejado a un lado el modelo centinela y apostado, como casi todo el mundo, a la aplicación masiva de pruebas, es muy factible que nuestra tasa de muertes por contagio fuese significativamente menor.

En Estados Unidos se han realizado, hasta el 24 de mayo, 14,163,694 pruebas, en Chile, hasta el 25 de mayo, 488,041 y en México, hasta el 22 de mayo, 190,168. Entre más pruebas realizadas, en términos estadísticos, la tasa de muertes resultaría más baja, cosa que no quiere decir que habría, necesariamente, menos muertes.

Casi ningún país del mundo ha podido contabilizar correctamente a sus muertos, habría de acuerdo a expertos, al menos unas 74 mil defunciones sospechosas de Covid19 no contabilizadas en el planeta… O sea que eso de que “sobreestimamos la letalidad” tampoco genera mucha confianza.

Si querían presumir menos contagios, aplicando menos pruebas, el resultado es una mayor tasa de letalidad. ¡Esos malditos datos neoliberales!

De Colofón

¡Bajen esa campaña!, ¿de verdad piensan que se puede aplicar una idea moralista y fracasada de 1998 a la actualidad?, es propaganda misógina y humillante. En lugar de contar hasta 10, deberían de contar los feminicidios como algo real y actuar en consecuencia.

 

@LuisCardenasMX
",Tiro por la culata al doctor Gatell ,https://www.eluniversal.com.mx/opinion/luis-cardenas/tiro-por-la-culata-al-doctor-gatell
