,body,title,url,newspaper_uid,host,uid,n_tokens_title,n_tokens_body
0,"La secretaria de Salud, Oliva López, consideró que en septiembre el semáforo podría cambiar a naranja y verde en la Ciudad de México, cuando se contempla que el número de decesos, en general, sea de 150 diarios. Actualmente, con el coronavirus suman alrededor de 230 muertes, situación que les preocupa.Suponemos que estaremos bajando el número de muertes todos los días cuando entremos al semáforo naranja o más adelante. En la Ciudad el año pasado sin Covid-19 había alrededor de 150 muertes diarias, entonces el exceso de mortalidad está sobre 230 muertes por el momento más álgido de contagios del coronavirus y hospitalizados. Estamos esperando reducir esos datos como se vaya avanzando, dijo en entrevista con EL UNIVERSAL.Explicó que su expectativa va de acuerdo con el Modelo Epidemiológico Covid-19 del Gobierno de la Ciudad de México, que plantea ir bajando las muertes asociadas al virus. Al corte de este lunes se registró un acumulado de 2 mil 713 defunciones y 25 mil 787 casos confirmados del coronavirus, de estos últimos 3 mil 975 están activos.También lee: La epidemia está en su máximo nivel: López-GatellLópez Arellano comentó que en estos momentos la propagación ha sido más intensa por los casos confirmados y decesos; expuso que la ocupación hospitalaria deberá estar por debajo de 65% para que pase el semáforo a naranja, para el regreso a la normalidad.Aún no tenemos esa estabilidad, siguen aumentado los hospitalizados. Se han presentado días con estabilidad, pero no constante; es decir, necesitamos estar dos semanas sin que se registren hospitalizados para pasar a naranja, puntualizó.Cabe mencionar que el modelo epidemiológico de la Agencia Digital de Innovación Pública (ADIP) realizó proyecciones para finales de mayo; en el modelo ajustado optimista estiman que mil 389 personas estarían con ventilador; en el escenario intermedio, mil 859, y en el pesimista, 2 mil 402 intubados.Hasta el momento, la Ciudad de México tiene una disponibilidad de camas en hospitalización de 27.2% y en intubación es de 43.7%, lo que da en total hay 4 mil 459 personas en nosocomios que atienden Covid-19; de éstas, mil 65 están intubadas.En otro tema, la secretaria de Salud capitalina descartó un presunto rompimiento entre el gobierno federal y la administración capitalina; sin embargo, afirmó que han tomado sus propias decisiones, como el uso obligatorio de cubrebocas y recomendaciones en el transporte público, al ser una Ciudad de más de 9 millones de habitantes.También lee: Me niegan la atención tras padecer Covid, denuncia enfermeroTenemos decisiones muy alineadas y coordinadas con el gobierno federal para la contratación de médicos y el apoyo de recursos, así como en los lineamientos, sobre todo para enfrentar de mejor manera la pandemia y tener claridad para reducir los contagios, aseguró.Sobre la suministración de la vacuna de influenza, aclaró que no podrían adelantarla sino que se tendría que aplicar en octubre a más de un millón 200 personas, para que no se junten dos emergencias.Muchas personas se aplican la vacuna en diciembre, entonces el propósito sería que desde octubre se haga una campaña más intensa para toda la población, niños, adultos mayores, así como el personal médico que está combatiendo el coronavirus. Es anticiparse a estos momentos, cuando se podría presentar la influencia y un brote de coronavirus, por eso se planea la intensa campaña, argumentó.Oliva López Arellano adelantó que el censo nominal para personas con enfermedades crónicas no transmisibles, que comenzará a partir del 15 de junio próximo, será para entrevistar a al menos unas 50 mil capitalinos con padecimientos respiratorios, diabetes, cáncer y obesidad; estos males son los que han complicado y causado muertes asociadas al Covid-19.Este censo será con los registros de los centros de Salud, entonces vamos a salir a buscar a estas personas y, sobre todo, a aquellas que se ha identificado que no han acudido o que están descontroladas, para tener una mirada de los faltantes; o que abandonaron la atención, para tenerlos vigilados en cuestión de la prevención, aseguró la funcionaria de la Ciudad de México. ",Decesos por Covid se estabilizarán en septiembre en CDMX,https://www.eluniversal.com.mx/metropoli/decesos-por-covid-se-estabilizaran-en-septiembre-en-cdmx,eluniversal,www.eluniversal.com.mx,df977e38bf6e280927781a1de7830da6,5,315
1,"Texto: Marco SalasImaginemos que es 1890 y una pareja toma café. Él se llama Karl Wilhem Flügge, es higienista alemán y cuenta su más reciente descubrimiento ¿sabías que cuando tosemos, estornudamos o hablamos esparcimos gotitas de saliva por el aire?¿Ah sí?, responde ella con media mordida de sándwich en la boca y por ende escupe sobre la mesa, sobre el café y sobre Wilhem Flügge, no sabía, agrega y le da un sorbo a su café. Compara el antes y después deslizando la barra central(clic aquí para ver más grande)La historia es inventada, pero las cosas ciertas del asunto las dijo el Dr. Guillermo Murillo-Godínez en su breve artículo Las gotitas de Flügge:1) Las gotas alcanzan una distancia de un metro, aun si se habla en voz baja. 2) Se quedan en el aire durante media hora y después se establecen en superficies. 3) Miden hasta diez micras. O sea, diez millonésimas partes de un metro, (Brian Ley demostró en 1999 con su estudio Diameter of a Human Hair que un cabello humano, por más delgado que sea, no es menor a 17 micras). 4) Son portadoras de bacterias y virus.Por este último punto fue que en 1897 se abogó por el uso de cubrebocas en cirugía y así proteger a la gente de morir por infecciones tras operarse.Quizás el antecedente del tapabocas sean las máscaras utilizadas en la Edad Media durante la peste negra. Crédito: Plague doctor, Wellcome Collection, Attribution 4.0 International.               Taparse la boca para salvar vidasVino la asepsia, que en pocas palabras es operar en condiciones estériles: con bata, guantes y cubrebocas. El primero en apuntarse fue el cirujano francés Paul Berger, quien según el artículo Some landmarks in surgical technique, por H. C. Lowry, publicó un paper que va así:Por años he estado preocupado porque las gotas proyectadas de la boca del cirujano y de sus asistentes hagan brotar infecciones en pacientes, las mismas que siguen ocurriendo a pesar de las condiciones estériles del quirófano. ¿La boca de un cirujano una fuente de enfermedades? Ridículo. Yo nunca he usado una máscara y ciertamente nunca lo haré, contestó a la propuesta Monsieur Terrier, según el texto Pestilentia in nummis del doctor Ludwing Pfeiffer.Máscara de hule con pico de bronce de un lazaretto (hospital para personas con enfermedades infecciosas) de Venecia. Crédito: Plague apparatus from a lazaretto in Venice, Wellcome Collection, Attribution 4.0 International. A mediados de 1910 se desató la peste neumónica en Manchuria, China, y para detenerla se utilizaba una mascarilla de cirujano hecha de algodón revestido con gasa. Crédito: doctors protective costume for pneumonic plague, Wellcome Collection, Attribution 4.0 International.Poco importó porque Paul juntó seis capas de gasa rectangular y las amarró a su cabeza y a su bata, incluso su barba ayudaba a sostener el invento, de acuerdo con el no. 4017 de la revista British Medical Journal de 1938.Hubo otros que fluyeron con la idea, el cirujano polaco Johann von Mikulicz-Radecki, por ejemplo, quien venía sospechando lo mismo de la saliva y en ese mismo año, 1897, usó un cubrebocas de una sola capa de gasa al operar para comprobar que las infecciones reducirían.W. Huebner reemplazó en 1898 ese tapabocas por uno de dos capas y recomendó usarlo a cierta distancia de la nariz para no humedecerlo y estropearlo.Siete años después fue el turno de Alice Hamilton, médica e investigadora estadounidense para asegurar que la fiebre escarlata (causante de sarpullido, fiebre y dolor de garganta) se transmitía por gotitas e impulsó a las enfermeras a colocarse el tapabocas sobre la nariz también para evitar contagios al tratar pacientes en 1905.Médicos en la sala de operaciones del hospital Wotton Lodge, Gloucester, Inglaterra, 1909. Crédito: Wellcome Collection, Attribution 4.0 International.Para 1918 se reportó que el cubrebocas redujo complicaciones por difteria (infección bacteriana igualmente propagada por gotitas) en pacientes operados. En este punto otra recomendación era esterilizar los cubre tras su uso y reemplazarlos con uno seco cuando se mojaran en cirugía.Ese mismo año se creó el de tres a cuatro capas de gasa, de más o menos 12x17 centímetros y se ocupó para atender pacientes con enfermedades contagiosas en hospitales militares.En 1918 el mundo vivía una guerra mundial y la pandemia de gripe española. EL UNIVERSAL ILUSTRADO.Luego se probó la eficacia de tres tipos de tapabocas: uno de gasa gruesa, uno de gasa mediana y uno de muselina, todos de 15x20 centímetros y con dobladillo. Se descubrió que la gasa fina era la más eficiente.Un año más tarde se recomendó usar un cubrebocas de malla con 44x40 hilos por pulgada.Dato curioso: siete años después, en 1926, se hizo obligatorio el uso del cubrebocas en quirófanos de todo el mundo, pero el doctor Luis del Río Diez mencionó en su artículo Uso sistemático del barbijo quirúrgico (como se le conoce en Argentina), que al buscar la cita o guía directa del asunto, sólo se encuentra con el mismo mensaje, como si estuviera copiado y pegado: con base en los descubrimientos de Berger y Mikulickz, en EU, Alemania y Francia se implementó tal ley.En la década de 1930 el médico estadounidense Herbert Mellinger puso un pedazo de goma o hule entre dos capas de gasa para crear un cubrebocas antigérmenes. También hubo un cubrebocas con marco de alambre de oro de 14 quilates y papel encerado por ambos lados que llegaba hasta la barbilla.Uno más fabricado con película para rayos equis lavada que funcionaba como filtro, otro con papel celofán en lugar de gasa común y otros más de materiales como celulosa con pliegues de algodón, franela, papel con clips de seguridad y dos ligas y un último de algodón entre dos gasas de malla.EL UNIVERSAL ILUSTRADO del 28 de agosto de 1930, cirugía en el Hospital Juárez. Archivo/Hemeroteca de EL UNIVERSAL.Con la creación de los antibióticos, en 1940, la importancia del tapabocas pasó a segundo plano.Pero en 1961 el investigador M. Musselman retomó el tema y creó el primer tapabocas desechable, que incluía una capa plástica que se acomodaba a la forma de la cara como filtro.Todo lo anterior de acuerdo al texto History of surgical face masks de John L. Spooner. El cubrebocas hoyEn la actualidad hay muchos tipos de cubrebocas, desde caseros hasta especializados, y sus variantes contemplan los microorganismos que puedan filtrar. Los virus son más pequeños que las bacterias. Un cubrebocas sencillo no sirve para protegerte de un virus, para eso necesitas un N95 que tiene un tamaño de poro de 0.3 micras, mencionó en entrevista Guadalupe Ramírez, bacterióloga del Hospital Ángeles.Esta fotografía fue tomada en México durante la epidemia de influenza AH1N1 del 2009, cuando los cubrebocas eran obligatorios al andar en las calles. Archivo/EL UNIVERSAL.Estos cubrebocas son efectivos, pero por cierto tiempo, se supone que lo puedes usar hasta por una semana, agregó el residente 1 de traumatología y ortopedia del Hospital General Regional 251 en Metepec, Edomex, Leonardo Isaac Rë. En la pandemia yo utilizo una máscara de gas. Es como un N95, pero dura seis meses y protege incluso contra gases tóxicos, siguió Leonardo. También dijo que los N95 son complicados de usar en cirugía porque es difícil respirar por el tamaño de su filtro y si una persona respira su aliento (CO2) constantemente se marea y eso a mitad de una cirugía nadie lo quiere.Hoy en día, a causa del coronavirus, hay gran variedad y diseños de cubrebocas, tal vez tratando de hacer este objeto más al gusto del portador hasta personalizarse. Archivo/EL UNIVERSAL.La recomendación de Leonardo para los tiempos de pandemia es ser diez veces más limpios y un poco más compulsivos con el lavado de manos y con no tocarse la cara. Yo sé que es como un reflejo, pero hay que tratar de no hacerlo. También hay que tener a la mano microdosis de gel, que es alcohol al 70% y mantener las indicaciones de Sana Distancia, afirmó.Cubrebocas fabricados por artesanas de la Sierra Tarahumaras para evitar contagio por Covid-19. Archivo/EL UNIVERSAL.Fue utilizado por la población en julio del 2003, ante la caída de lluvia de ceniza en las cercanías al volcán Popocatépetl para evitar su aspiración por parte de pobladores cercanos al coloso. Archivo/EL UNIVERSAL. Dar un uso correcto o mejor no utilizarloLa Organización Mundial de la Salud advirtió que los cubrebocas sólo son efectivos si se combinan con el lavado frecuente de manos y las demás medidas sanitarias, y que su uso es para las personas enfermas únicamente.Por otro lado, el Centro para el Control y Prevención de Enfermedades (CDC) informó que utilizar cubrebocas es bueno porque el coronavirus puede ser asintomático, es decir, que podríamos estar enfermos sin saberlo y contagiar a más personas. Entonces, el cubrebocas no es una medida de protección hacia uno mismo, sino hacia los demás.Por ello, la CDC lanzó un video en donde el cirujano general estadounidense, Jerome Adams, enseña cómo hacer un cubrebocas casero con tela y dos ligas.El cirujano general, Jerome Adams, muestra una manera de crear un tapabocas con materiales que se tienen en casa.Paulina Vallejo, directora de distribución para América Latina de una empresa de cubrebocas enseñó, durante una entrevista en medios, que se toma por las orillas para no contaminarlo, se coloca sobre boca y nariz y la varilla metálica se moldea a la forma del tabique nasal. Después de cuatro horas o de bajarlo o subirlo, el cubrebocas pierde su efectividad.En los próximos meses será habitual seguir viendo a gente con cubrebocas, sobretodo, en sitios donde haya concentración de personas como el transporte público. Archivo/EL UNIVERSAL.Finalmente, el subsecretario de Prevención y Promoción de la Salud de la Secretaría de Salud, Hugo López-Gatell afirmó que los cubrebocas no son la medida principal contra la pandemia, disminuyen el riesgo de contagiar a otros, sí, pero lo importante es seguir la indicación #QuédateEnCasa.Si usted tiene un cubrebocas, utilícelo, sólo tenga mucha conciencia de que debe ser usado correctamente todo el tiempo y que eso no disminuye el riesgo de contagiarse si usted no se lava las manos continuamente y sale al espacio público a convivir con otros. Úselo, pero no es una garantía de que no se va a contagiar, sostuvo Gatell en el siguiente video:No rechazamos uso de cubrebocas; que no se utilice como única medida contra Covid-19: López- Gatell. Publicado el 29 de abril de 2020.Fuentes:Ley, Brian, Diameter of a Human Hair, 1999Lowry, H. C., Some landmarks in surgical technique, 1947.Murillo-Godínez, Guillermo, Las gotitas de Flügge, en la Revista Médica del Instituto Mexicano del Seguro Social, 2009Pfeiffer, Ludwing, Pestilentia in nummis: Dem Verzeichniss liegt zu Grunde die Sammlung des Medicinalraths, 1880 (versión en inglés)Phillips, Miles H., History of the Prevention of Puerperal Fever, en la revista British Medical Journey no. 4017, 1938.del Río Diez, Luis, Uso sistemático del barbijo quirúrgico. ¿Cuál es la evidencia científica al respecto?, en la revista IntraMed Journal, 2018 Spooner, John L., History of surgical face masks: the myths, the masks, and the men and women behind them, 1967.*La foto principal es de Wotton Lodge, en Gloucester, Inglaterra, su quirófano y personal, en una imagen de 1909. La imagen comparativa antigua es una máscara de Venencia de fines del siglo XVII. El crédito ambas es de Wellcome Collection. Attribution 4.0 International**Algunas fotografías son de Creative Commons Attribution (CC BY 4.0) terms and conditions https://creativecommons.org/licenses/by/4.0. Credit: Wotton Lodge, Gloucester: operating theatre and staff. Photograph, ca. 1909. Credit: Wellcome Collection. Attribution 4.0 International (CC BY 4.0). Según la leyenda: You can use this work for any purpose, including commercial uses, without restriction under copyright law. You should also provide attribution to the original work, source and licence. ",Así nació el cubrebocas,https://www.eluniversal.com.mx/opinion/mochilazo-en-el-tiempo/asi-nacio-el-cubrebocas,eluniversal,www.eluniversal.com.mx,59ebaf555087c32ca218f9edf98cdabb,3,1041
2,"El ayuntamiento de Soledad informó que a partir del 1 de junio iniciará la reactivación escalonada de comercios, de acuerdo con un catálogo de giros establecido por la Secretaría de Salud, los cuales deberán cumplir con medidas higiénico-sanitarias para su funcionamiento y se irán sumando paulatinamente a las actividades productivas que ya funcionan, como la construcción, industria automotriz y minería, dijo el alcalde Gilberto Hernández Villafuerte.Luego de participar en la reunión de ediles, presidida por el gobernador Juan Manuel Carreras, para implementar el Plan de Preparación y Reactivación Escalonada, el alcalde dijo que debido a que la entidad se encuentra en semáforo rojo, durante junio no habrá actividad escolar presencial y se estará al pendiente de los acuerdos que emita la Secretaría de Educación estatal (SEGE).Destacó que otro punto importante es que en dicho mes continuarán suspendidos los juegos deportivos de todas las disciplinas, por lo que se seguirá vigilando espacios conocidos como campos llaneros, tampoco se celebrarán fiestas patronales o religiosas por la aglomeración de personas, al igual que eventos sociales y actividades recreativas.Gilberto Villafuerte señaló que, en cuanto a la reactivación de oficinas municipales, éstas se han estado reintegrando de manera paulatina y a partir del próximo lunes estarán en operación las distintas direcciones, cumpliendo con protocolos y medidas previamente establecidas para garantizar la salud de servidores públicos y ciudadanía en general.etp",Este lunes inicia reapertura escalonada de comercios en Soledad,https://sanluis.eluniversal.com.mx/municipios/29-05-2020/este-lunes-inicia-reapertura-escalonada-de-comercios-en-soledad,eluniversal,sanluis.eluniversal.com.mx,d323d9f17cecc7474ca05a6484f10107,6,125
3,"La mayoría de los estados que pertenecen a la Megalópolis, Ciudad de México, Estado de México, Puebla, Morelos e Hidalgo aceptaron utilizar un semáforo único, no obstante, ayer martes, Querétaro y Tlaxcala descartaron adoptar esta modalidad, ante la llamada nueva normalidad por la epidemia de coronavirus.La mandataria capitalina reveló que ayer durante la reunión de las autoridades federales con la Conferencia Nacional de Gobernadores (Conago), el gobernador de Hidalgo, Omar Fayad, realizó dicha propuesta.Tras participar en la Confederación Nacional de Gobernadores (Conago), la jefa de gobierno, Claudia Sheinbaum Pardo, comentó que los gobernadores de los 32 estados de la república buscan coordinación y evitar malas interpretaciones con respecto al esquema de semaforización que establecerán la Secretaría de Salud y los Gobiernos estatales.La idea es que no haya descoordinación o una interpretación distinta de parte de la Secretaría de Salud y los gobernadores de los estados y la Ciudad de México, con respecto a lo que establece la Secretaría de Salud. En este periodo debe haber mucha comunicación, explicó.Expuso que además del semáforo único para la Megalópolis, se definió que la Secretaría de Salud del gobierno de México hará llegar por escrito a las entidades federativas, los indicadores que son utilizados para la construcción del semáforo Covid-19.Además, semanalmente, la Secretaría de Salud enviará a los estados los valores observados en estos indicadores por cada entidad federativa, quienes formularán los comentarios y observaciones correspondientes.Una vez alcanzado el consenso entre federación y estados, se procederá a hacer público el semáforo Covid-19 y la federación emitirá una disposición de carácter general con los criterios que deben de aplicar los estados para la mitigación de la pandemia.El martes por la tarde la Secretaría de Salud envía su valoración, de acuerdo a los indicadores que se establecieron, de qué semáforo debe estar cada una de las entidades. Si no está de acuerdo el estado por alguna razón o el Gobierno de la Ciudad, se entabla una comunicación y el jueves por la noche se da a conocer por el Gobierno de México, explicó.Respecto a la diferencia de cifras entre las de su gobierno en la Ciudad de México y las federales, la jefa de Gobierno detalló que el cálculo es distinto por los hospitales de la Secretaría de la Defensa Nacional (Sedena) que las autoridades  federales no han incorporado.cg ",Van mandatarios del Centro por mismo semáforo para nueva normalidad,https://www.eluniversal.com.mx/metropoli/cdmx/piden-mandatarios-del-centro-un-mismo-semaforo-para-nueva-normalidad,eluniversal,www.eluniversal.com.mx,1f788873491563fbafefe6c2983de252,7,192
4," 73 % PULSO SOCIAL22 En la cultura de la antigüedad, no había mejor castigo que la ley del Talión, ojo por ojo, diente por diente. Los criminales no eran castigados como se hace en la actualidad; ahora cuando un delincuente comete un agravio, hay diferentes penas o castigos, seguramente el más radical, sea la pena de muerte que se aplica en algunos países, pero lo más común radica en las penas corporales como lo son la privación de la libertad.Sin embargo, de acuerdo con el sitio ojocientifico.com, en un momento de la vida de nuestros antepasados, la mejor forma de corregir la conducta de una persona que cometía un delito, era llevarlo a un castigo corporal de dimensiones ¡horrorosas! Se tienen registrados castigos que hoy violarían todas las convenciones de Derechos Humanos, pero que antes eran de lo más común.10 terribles profecías de Nostradamus para el 2020",impactante 10 formas antiguas de castigo y tortura,https://de10.com.mx/top-10/impactante-10-formas-antiguas-de-castigo-y-tortura,eluniversal,de10.com.mx,e57eefe7548a2a9b209247871f5ab3f3,5,61
5,"Tabasco suma 4 mil 609 casos confirmados y 562 fallecimientos por Covid-19 al 2 de junio.En Tabasco, la tasa de incidencia de coronavirus es de 179.8 casos por cada 100 mil habitantes.De acuerdo con el reporte del día de este día de la Secretaría de Salud federal, en la entidad hay 944 casos sospechosos y 4 mil 849 negativos.El 31 de marzo pasado se registró la primera muerte por coronavirus en Tabasco.La Secretaría de Salud del gobierno federal informó que al 2 de junio hay registro de 10 mil 637 muertos y 97 mil 326 casos confirmados acumulados de coronavirus en México.Lee también: México tiene nuevo máximo de casos de Covid-19: 3 mil 891 en un día; suman 97 milCasos de coronavirus en Quintana Roo al 2 de junioQuintana Roo tiene un registro de mil 956 casos confirmados de coronavirus y 363 muertos, esto de acuerdo con el reporte sobre Covid-19, emitido por la Secretaría de Salud del gobierno federal.Además, en Quintana Roo se tienen registrados mil 498 casos negativos y 208 casos sospechosos de coronavirus.Quintana Roo se mantiene como la cuarta entidad con mayor tasa de incidencia de coronavirus, con 113.51 casos por cada 100 mil habitantes, por debajo de la Ciudad de México, Tabasco y Baja California.Coronavirus en Yucatán al 2 de junioYucatán suma mil 919 casos confirmados de coronavirus y 173 muertos por Covid-19, de acuerdo con los datos de la Dirección General de Epidemiología.En Yucatán se estudian 325 casos sospechosos y 3 mil 68 personas a las que se les realizó la prueba dieron negativo.La tasa de incidencia de Covid-19 en Yucatán es de 84.95 casos por cada 100 mil habitantes.Lee también: Fechas de exámenes de ingreso a la UADY 2020 | Covid-19En el estado se han registrado varias agresiones a personal sanitario, por parte de la población que teme contagiarse de Covid-19.El 15 de abril se denunció en redes sociales que una pizzería en Mérida le negó el servicio a una enfermera del IMSS.El 5 de abril pasado, un enfermero del IMSS denunció en redes sociales la agresión de la que fue objeto al salir de trabajar. Los hechos ocurrieron la noche del sábado 4 de abril cuando un par de sujetos que viajaban en motocicleta le arrojaron huevos y se burlaron de él.Lee también: Lanzan huevos a enfermero en Mérida, YucatánEl 8 de abril se denunció la agresión que sufrió Ligia Kantun, una enfermera instrumentista, a quien un desconocido le lanzó café caliente mientras le gritó nos vas a contagiar a todos.Lee también: Tiran café hirviendo a enfermera; nos vas a contagiar a todos, le gritanCoronavirus en Campeche al 2 de junioCampeche es el estado de la Península de Yucatán con menos casos confirmados de coronavirus, al sumar 612. Además, 92 personas han muerto a causa de la pandemia.En Campeche se tiene el registro de 130 casos sospechosos y 899 personas han dado negativo en la prueba de Covid-19.La tasa de incidencia de coronavirus en Campeche es de 61.16 casos por cada 100 mil habitantes.Gráfica. Casos de coronavirus en Quintana Roo, Yucatán, Campeche y TabascoLos datos para este contenido se basan en el reporte y mapa de casos de Covid-19 que elabora la Dirección General de Epidemiología, y que se actualiza diariamente después de las 19 horas.Con información de UN1ÓN YucatánCasos de coronavirus: Yucatán, Tabasco, QRoo y CampecheInfogram","Casos de Covid-19 en Yucatán, Quintana Roo y Tabasco al 2 de junio",https://www.eluniversal.com.mx/estados/casos-de-covid-19-en-yucatan-quintana-roo-y-tabasco-al-2-de-junio,eluniversal,www.eluniversal.com.mx,a390683d0e316513153c93191d426210,6,278
6,"Hace unos días, el propietario del Guadalajara, Amaury Vergara, puso sobre la mesa la necesidad de transparentar los contratos de los jugadores; Sin embargo, ese concepto, el de transparencia, va mucho más allá de los vínculos de los clubes con los futbolistas, también tiene que ver con la manera en que esas instituciones, sus dueños y cualquier personaje ligado con el fubtol se maneja en términos fiscales.La reciente investigación de la Unidad de Investigación Financiera sobre el presidente del Cruz Azul, Guillermo Álvarez, su hermano Alfredo y Víctor Garcés, por supuesto lavado de dinero y defraudación fiscal aún no ha pegado en lo que se refiere al equipo de futbol, pero podría, si los hechos y los documentos así lo señalan, ir hacia ese lado.Pero no solamente podría recaer una investigación más profunda en Cruz Azul por parte de las autoridades fiscales de nuestro país, como bien lo señala en las páginas de EL UNIVERSAL, Salvador García Soto en su columna Serpientes y Escaleras del pasado 2 de junio.LEER TAMBIÉN: Boca Juniors y Riquelme le roban futbolista al PachucaA los ya conocidos problemas de que hay clubes que no pagan impuestos o a los que se los condonan, que existen dobles contratos o que no se tiene un conocimiento pleno de cómo se dan las transacciones cuando un jugador pasa de un equipo a otro, ahora describe García Soto, hay algunos propietarios apurados por que las autoridades inicien investigaciones de la manera en que utilizan empresas de outsourcing para manejar sus altas nóminas.  Hay que recordar que el pasado 21 de noviembre, la UIF y la Liga MX firmaron un acuerdo para trabajar en conjunto en busca de esa transparencia en el manejo de los recursos, no solamente de la Liga, sino de sus integrantes, para dar certeza de la procedencia de los recursos, pero vaya sorpresa, esto también tiene que ver con el manejo de los mismos y ahí es en donde pudiera generarse nerviosismo.No sería la primera ocasión que las autoridades fiscales de nuestro país se metan en el futbol, aunque sí podría ser la primera en la que lo hagan de manera pareja, para detectar anomalías.Antes, el Servicio de Administración Tributaria ha realizado investigaciones y hasta ha estado detrás de algunos equipos por los adeudos de impuestos, además, claro de las condonaciones a distintos clubes.En 2018, por ejemplo, tomó un papel protagónico en el caso del Veracruz, Guillermo Vázquez, Fidel Kuri y los dobles contratos.Es importante aclarar que simular actos que tengan por objeto ocultar al SAT, por parte de los futbolistas, el total de los ingresos percibidos es un delito, así como lo es, no enterar las retenciones de Impuestos Sobre la Renta realizadas a los futbolistas por parte de los Clubes, informó en un comunicado en agosto del año citado.Casi dos años después y tras la firma del convenio con la UIF, los ojos de las autoridades se posarían de nueva cuenta sobre el futbol, y no por una revancha política, sino porque es una industria en la que se mueven miles de millones de dólares y en la que encontrar esa transparencia de la que hace unos días habló Amaury Vergara es clave para evitar malos entendidos y cuentas sin aclarar, y si no, pregunten en Veracruz.@gvlo2008 [email protected]",A transparentar el futbol mexicano,https://www.eluniversal.com.mx/opinion/gerardo-velazquez-de-leon/transparentar-el-futbol-mexicano,eluniversal,www.eluniversal.com.mx,87c6185fc628592d048087aca565caa0,3,265
7,"El contagio por el coronavirus es más elevado en las grandes áreas urbanas del país; sin embargo, en la zonas de alta pobreza del país es más letal, de acuerdo con los datos de El visor geoespacial de la pobreza y Covid-19 en los municipios de México, desarrollado recientemente por el Coneval.La incidencia del coronavirus es baja en los municipios con 80% o más de población en situación de pobreza, donde nueve de cada 100 mil personas presentan la enfermedad. Sin embargo, la tasa de letalidad es mayor en esos lugares.En 17 de los 35 municipios más pobres del país, el porcentaje de defunciones con relación al número de contagios se ubicaron por arriba de la media nacional (10.9%).Esto se debe a que estas localidades no cuentan con la infraestructura necesaria para el tratamiento de los enfermos y la accesibilidad por carretera pavimentada a los centros donde pueden ser atendidos es muy baja. También lee: México será de los países con mayor aumento en la pobreza por Covid-19: CepalPor su parte, las grandes concentraciones de casos positivos de coronavirus en el país se localizan en los municipios que conforman los principales tejidos urbanos: en la zona metropolitana del Valle de México; en la frontera norte, la zona metropolitana de Tijuana, Mexicali y Juárez, así como de Culiacán.Aunque el nivel de incidencia de la enfermedad es mayor, la tasa de letalidad es relativamente menor a la de los municipios más pobres.En las zonas metropolitanas donde más de la mitad de la población se encuentra en situación de pobreza, principalmente ubicadas en Puebla, Guerrero y Veracruz, se han registrado un mayor número de contagios, por ejemplo, en Acapulco y en Poza Rica.En el sur del país destacan tres zonas metropolitanas con más casos positivos: la de Villahermosa, Tabasco; la de Cancún, Quintana Roo, y la de Veracruz, Veracruz, pero a diferencia de las pasadas, reportan un porcentaje de población en situación de pobreza menor a 40%.   Municipios indígenasA la fecha se han identificado casos de Covid-19 en cuatro de cada 10 de los 623 municipios indígenas. También lee: Coronavirus suma otros 4.8 millones de pobres en MéxicoDe éstos, en el que se presenta el mayor número de contagios es San Cristóbal de las Casas, Chiapas, y defunciones es San Felipe del Progreso, Estado de México,En referencia a los municipios indígenas con mayor incidencia de pobreza (90% o más), en 53 de los 263 se han presentado casos positivos de Covid-19 y el número de contagios, al momento, no ha superado los 13 por municipio.En los municipios indígenas no se ha registrado un número considerable de casos.Sin embargo, la población puede presentar mayores dificultades para enfrentar esta situación, debido a las limitaciones o ausencia de la infraestructura o recursos humanos con las características requeridas para atender los casos Covid-19 o las fallas en los sistemas de referencia en el sector Salud.El 41% de los llamados Municipios de la Esperanza que fueron seleccionados para reactivar las actividades a partir del pasado 18 de mayo son indígenas.El 84% de los Municipios de la Esperanza tienen rangos de pobreza superiores a 60%, y más de 90% tienen una población menor a los 15 mil habitantes.Además, en 57% de estas localidades la mitad de la población tiene baja o muy baja accesibilidad a carretera pavimentada.",Coneval: letalidad del Covid es alta en municipios pobres,https://www.eluniversal.com.mx/cartera/coneval-letalidad-del-covid-es-alta-en-municipios-pobres,eluniversal,www.eluniversal.com.mx,8e38ce97240af9ce19d19aa23d293595,6,255
8,"La posible vuelta del Atlante a la Primera División, a la Liga MX, podría ser parte de un plan armado por el promotor Greg Taylor, quien se dice es la mano que mece la cuna detrás de los Potros.El periodista Amir Ibrahim Mohamed, director del diario El Quintana Roo reveló hace algunos meses conversaciones de blackberry, donde hacía notar la influencia de Greg Taylor en el cuadro de los Potros y el plan para que apareciera en Primera.  A través de blackberry, obtuve algunas conversaciones de Greg Taylor con una persona... Son tres años de conversaciones. Hablan mucho en clave... Cuando nombran a algún técnico decían intenso, y cuando hablaban de presidente decían papá...Según Amir, Taylor compró al Atlante y puso como uno de los dirigentes a su socio Mario Velarde, no para hacer crecer al equipo sino para la compra y venta de jugadores.A través de esas conversaciones se puede notar la estrategia del Atlante.  Compraron ese equipo para vender jugadores entre clubes. Antes se hacía por medio del agente FIFA, Velarde... Adquieren el Atlante y llevan la mano para subir a la Primera División.Puedes leer: Atlante regresa a la Liga MX, compraría al QuerétaroTaylor, asegura: Es una persona discreta. Cambia de teléfono seguido, es muy cuidadoso. Es muy difícil verificar lo que hace porque siempre usa segundas personas. Del 2014 al 2017 Taylor controlaba el 70 por ciento las ventas en el futbol mexicano. Compraban jugadores a un costo muy barato y lo revendían a costo elevado. Ahí vinculan a directores técnicos. Colocan a directores técnicos y ahí negocian jugadores, lo sacan más baratos.Por esas conexiones, es que Atlante podría estar muy pronto en Primera. Taylor tiene gran influencia con (Alejandro) Irraragorri (presidente de Orlegi Deportes, que administra a Santos, quien se dice fue el impulsor de la desaparición del Ascenso MX) y siempre han vendido jugadores del Santos al América.... De esa forma, según el periodista quintanarroense, Atlante llegaría pronto a Primera División.","El Atlante a la Liga MX, ¿cómo y de quién es el plan?",https://www.eluniversal.com.mx/universal-deportes/futbol/el-atlante-la-liga-mx-como-y-de-quien-es-el-plan,eluniversal,www.eluniversal.com.mx,bbff2c051fc101e97e2b340f7194b886,5,187
9,"Juchitán de Zaragoza. La cortina de acero  está  arriba hasta la mitad en  la entrada a la tienda de telas; en contra esquina del destruido Palacio Municipal, a unos pasos, otra tienda hace lo mismo, aunque especifica que la atención es limitada y por corto tiempo. Entre ellas, una hilera de puestos ambulantes de ropa y telefonía exhiben sin miedo sus productos, todas comienzan a transitar hacia la  nueva normalidad, sin ningún permiso oficial del municipio, solamente obligados por la necesidad.La movilidad se incrementó en esta semana en la ciudad de Juchitán. Los cierres de las calles del primer cuadro de la población por parte de la dirección de vialidad no lograron frenar la concentración de personas en el mercado público y sus alrededores, mucho menos la apertura gradual del comercio informal y formal que no son catalogados como esenciales en plena fase 3 de la contingencia sanitaria por Covid-19.Los puestos de ropa, zapatos, telas, telefonía, piratería, bisutería y demás, que durante un mes estuvieron cerrados por disposición de la autoridad municipal, abrieron  porque no aguantaron más; a pesar de ello aún no tienen ventas, la gente se concentra en la compra de comida, productos básicos y de limpieza.Foto: Roselia ChacaMaría, quien prefiere que le llamen así para evitar que le cierren su local, abrió su puesto de ropa tradicional y productos artesanales, pero no lo hizo sola, se organizó con sus vecinas del mercado para comenzar  desde el 18 de mayo, cuando el gobierno federal anunció que algunas poblaciones podrían  regresar a la nueva normalidad, siempre y cuando estuvieran libres de contagio, pero no así ciudades como Juchitán, que hasta el momento registra 97 casos positivos y 18 fallecimientos.Aun así, las estadísticas de los Servicios de Salud de Oaxaca (SSO) no frenaron a María, ella y más de 50 puestos alrededor del parque municipal Benito Juárez esa que aún funciona como extensión del mercado 5 de Septiembre desde el sismo del 7 de septiembre de 2017 se arriesgaron levantar la cuarentena por necesidad.Yo ya no podía más, tengo dos hijos que mantener y lo que gana mi esposo no alcanza porque somos cuatro bocas en la casa; gracias a Dios los niños no van a la escuela y no gasto en eso, pero todos los días comen. Sólo aguanté casi un mes, pero no pude más, y lo mismo pasó con todas las demás compañeras, recalcó. Las tiendas también abrieron, no todas, pero poco a poco creo que irán abriendo, comentó señalando los comercios formales a medio abrir.Foto: Roselia ChacaEntre el laberíntico mercado de puestos de madera, Idalia Romero, vendedora de comida, comentó que  las ventas son muy pobres, sobre todo los fines de semana, prácticamente el comercio muere, se reactiva los primeros días de la semana y va disminuyendo. También se ha detectado mayor número de personas por las mañanas, por las tardes se vacía la zona.La estrategia de la autoridad municipal al instalar retenes en las entradas de la población era para frenar los contagios por Covid-19, pero conforme fueron  pasando los días la vigilancia se fue relajando en estos filtros, al grado de que los policías sólo están sentados debajo de un toldo y no se mueven ni siquiera para realizar revisiones.Foto: Roselia Chaca",Juchitán regresa a nueva normalidad pese a riesgo de contagios por Covid-19,https://oaxaca.eluniversal.com.mx/municipios/02-06-2020/juchitan-regresa-nueva-normalidad-pese-riesgo-de-contagios-por-covid-19,eluniversal,oaxaca.eluniversal.com.mx,9317ef5c7a4b48730525875c33276bea,7,266
10,"El presidente Andrés Manuel López Obrador solicitó a los opositores a Tren Maya respetar la decisión del pueblo que ya votó en favor del proyecto y que no solo traerá justicia al sureste mexicano, sino que ademas protege el medio ambiente.En la Tercera Región Naval Militar, en su conferencia, dijo que la oposición tienen todo su derecho de manifestarse, de expresarse, pero es una obra necesaria para el sureste, es de justicia, y además para proteger el medio ambiente, muy contrario a lo que ellos sostienen.A la par que se construye el Tren Maya, se están sembrando miles de hectáreas de árboles frutales y maderables, cerca de 300 mil hectáreas, en Campeche, Yucatán, Quintana Roo, Chiapas, Tabasco.Aseguró que, a deferencia del nuevo aeropuerto en Santa Lucía, Estado de México, donde sus opositores presentaron 80 amparos, en esta obra no existe ningún impedimento legal que lo detenga.Estamos siendo respetuosos de la legalidad, no hay ningún amparo, se presentaron unos en el caso de Chiapas que ni siquiera correspondían a la ruta del Tren Maya y ya el Poder Judicial los desechó.fml ",AMLO pide a opositores a Tren Maya respetar decisión del pueblo,https://www.eluniversal.com.mx/nacion/amlo-pide-opositores-tren-maya-respetar-decision-del-pueblo,eluniversal,www.eluniversal.com.mx,a17965db5bc40a521fb3ca8a7bf47ca2,8,94
11,"La Comisión Metropolitana de Instituciones Públicas de Educación Media Superior (COMIPEMS), informó a los aspirantes registrados para participar en la edición 2020 del Concurso de Asignación a la Educación Media Superior de la Zona Metropolitana de la Ciudad de México, que:Como consecuencia de la contingencia sanitaria que se vive en el país a consecuencia del coronavirus Covid-19, se pospone la aplicación del examen correspondiente al Concurso de Asignación 2020 organizado por la COMIPEMS, la cual estaba programada para los días 20 y 21 de junio del presente.¿Cuál será la nueva fecha para presentar el exámen?Comipems, señaló a través de su página de internet que la aplicación del examen señalado se llevará a cabo los días 8, 9, 15 y 16 de agosto del año en curso. Para tal efecto, la Comisión atenderá las disposiciones sanitarias que emitan las autoridades competentes.Concurso de asignación del ComipemsEl objetivo principal del concurso es asignar a los aspirantes en las opciones educativas que ofrecen las instituciones convocantes, tomando como base los conocimientos básicos y habilidades generales del plan y programas de estudio de secundaria, así como las preferencias de cada participante por ciertas opciones educativas, siempre y cuando cumplan con los requisitos.El concurso de asignación a las instituciones públicas de educación media superior, además de estar consolidado y definido como un proceso académico-administrativo, transparente, pertinente e igual para todos los aspirantes, fortalece y confirma los compromisos asumidos por la Comipems desde su creación, que son: Informar con la mayor claridad posible acerca de las características de cada uno de los tipos de bachillerato, planteles y especialidades que ofrecen las instituciones públicas de educación media superior en la Zona Metropolitana de la Ciudad de México (ZMCM). Asegurar la igualdad de condiciones a todos los aspirantes durante el concurso de asignación. Contar con elementos objetivos que permitan mejorar los procesos de planeación de la oferta de Educación Media Superior en la región. Ampliar los mecanismos de colaboración y coordinación entre las autoridades educativas de los gobiernos Federal y del Estado de México.En qué escuela me puedo quedar al presentar el examen del Comipems Todos aquellos alumnos que aprueban el Concurso de Asignación a la Educación Media Superior de la Zona Metropolitana (Comipems) pueden quedarse en las siguientes instituciones de educación media: El Colegio de Bachilleres (COLBACH)El Colegio Nacional de Educación Profesional Técnica (CONALEP),La Dirección General del Bachillerato (DGB)La Unidad de Educación Media Superior Tecnológica Agropecuaria y Ciencias del Mar (UEMSTAyCM)La Unidad de Educación Media Superior Tecnológica Industrial y de servicios (UEMSTIS)El Instituto Politécnico Nacional (IPN)La Secretaría de Educación del Gobierno del Estado de Méxicop (SE)La Universidad Autónoma del Estado de México (UAEM)La Universidad Nacional Autónoma de México (UNAM) También te puede interesar:b Becas Benito Juárez realizarán pago a partir de la próxima semanaNuevo calendario escolar SEP y Plan de regreso a clases escalonadoPadrón de Becas Benito Juárez puede cambiar cada bimestre ","Nuevas fechas para examen COMIPEMS 2020, ¿cuándo son?",http://www.unioncdmx.mx/articulo/2020/06/03/educacion/nuevas-fechas-para-examen-comipems-2020-cuando-son,eluniversal,www.unioncdmx.mx,5d46615728015b7fd8282292d4d6c7ca,4,268
12,"Rodolfo Pizarro fue honesto en una charla extensa con Oswaldo Alanís, excompañero suyo en las Chivas, y reveló diversas historias. La primera, el pique directo con Carlos Santos, con quien se ha enganchado en diversas ocasiones en redes sociales.No me enojo con el Negro Santos: lo pico y lo pico para que se enoje. Digamos que cuando estoy aburrido, juego con él, es mi juguete, lo reventó el mediocampista del Inter de Miami.  Pulido también comentó que tampoco tuvo una buena relación con Juan Carlos Osorio, cuando el colombiano estaba al frente de la Selección Mexicana. En realidad, cuando estuvo él nunca fuí a la Selección; él sentía que no me interesaba, comentó Rodolfo, quien fue un ausente en lista del sudamericano para la Copa del Mundo Rusia 2018.Puedes leer: Los mexicanos son unos fracasados; nunca reconocerán a Osorio: Faustino AsprillaDe las pocas veces que coincidió con Osorio fue en la Copa Oro de 2017, pero comentó que el colombiano estaba enojado por la eliminación en la Conferedaciones del mismo año, con otro grupo de jugadores.Se fue a desquitar con nosotros porque ustedes quedaron eliminados. Alanís solo preguntaba, dejaba que Pizarro hablara y se reía de las anécdotas del jugador del Inter de Miami.",El Negro Santos es mi juguete: Rodolfo Pizarro,https://www.eluniversal.com.mx/universal-deportes/futbol/rodolfo-pizarro-el-negro-santos-es-mi-juguete,eluniversal,www.eluniversal.com.mx,3a855a2edfecf1867e8e4b8936338896,5,98
13,"El gobernador Francisco Domínguez Servién desmintió que el estado de Querétaro haya aceptado utilizar un semáforo sanitario único de Covid-19 que opere para los estados que integran la Megalópolis.La afirmación de Domínguez Servién se da en respuesta a lo difundido la tarde de este martes en comunicados por separado tanto por la titular de la Secretaría de Gobernador, Olga Sánchez Cordero como por la Confederación Nacional de Gobernadores (Conago) que preside el panista Carlos Mendoza Davis, mandatario estatal de Baja California Sur.En ambos comunicados se difundieron varios acuerdos a los que se llegaron, entre ellos que la Megalópolis, integrada por la Ciudad de México, Estado de México, Puebla, Tlaxcala, Morelos, Hidalgo y Querétaro, utilizarán un semáforo sanitario único de Covid-19.Los acuerdos tomados se dan en el marco de una reunión virtual que convocó el gobierno federal con la participación de varios secretarios, encabezado por la titular de Gobernación, Olga Sánchez Cordero y los gobernadores, a través de la Conago.El objetivo se dijo es tener coordinación en las acciones de los trabajos llevados a cabo entre los gobiernos estatales y el  federal para la mitigación del Covid-19,  su impacto en la economía nacional y en relación a la estrategia de implementación para el  regreso a la actividad económica.Al respecto, Domínguez Servién que el estado de Querétaro no ha aceptado utilizar un semáforo único como parte de las entidades que conforman la región conocida como Megalópolis.Mediante un comunicado difundido los primeros minutos de este miércoles, el mandatario queretano solicitó respetuosamente a la autoridad sanitaria federal se abstenga de publicar dicho semáforo único debido a que no tiene el pleno consenso y consentimiento de Querétaro.Domínguez Servién manifestó que su gobierno seguirá actuando con vocación federalista, atendiendo la realidad del estado durante la evolución de la contingencia por Covid-19, y expresa su confianza en que se alcanzaran los acuerdos pertinentes entre entidades y federación.",Gobernador de Querétaro rechaza integración al semáforo único de Covid-19 ,https://www.eluniversalqueretaro.mx/politica/gobernador-de-queretaro-rechaza-integracion-al-semaforo-unico-de-covid-19,eluniversal,www.eluniversalqueretaro.mx,736de8188e7624da6c299a6699a86792,6,160
14,"Eiza González fue captada por los paparazzis haciendo alarde de su trabajada figura por calles de Los Ángeles, ataviada con un conjunto deportivo. La actriz mexicana fue vista saliendo de un exclusivo gimnasio en California, envuelta en leggings color durazno y combinados con un crop top gris sin mangas, que ayudó a enmarcar sus abs de acero y a resaltar sus esculpidos bíceps. Foto: The Grosby Group Durante su desfile por las aceras, celebridad de 30 años lució un par de Converse negros con blanco, un cubrebocas azul con flores blancas y una toalla. Agregó un reloj de pulso plateado y sostuvo un cilindro de agua rosado y su inseparable celular. Sin perder el glamour y belleza que la caracteriza,  Eiza lució una apariencia natural, al llevar su cabellera morena peinada en ligeras ondas sueltas y su rostro libre de maquillaje. Visita: Critican a Karol G por hablar del racismo usando a su perroLa también cantante se ha dejado ver contadas veces en público durante la cuarentena que vive con su madre, Glenda Reyna, en su casa de Los Ángeles. En recientes días fue captada por los paparazzis haciendo recados por comercios de la ciudad, dando pequeños paseos y dejando sus sesiones de entrenamiento. También fue vista en la zona de Los Feliz para visitar a una amiga y en las playas aledañas a su hogar durante el espectáculo de olas bioluminiscentes.     Ver esta publicación en Instagram           Una publicación compartida por Eiza (@eizagonzalez) el 3 de Abr de 2020 a las 2:41 PDTAntes de que el coronavirus golpeara a la industria hollywoodense, la celebridad mexicana dejó varios proyectos inconclusos, uno de ellos el estreno mundial de Bloodshot, una película de acción y ficción que protagoniza junto a Vin Diesel. Debido al cierre masivo de cines, el filme fue lanzado en plataformas digitales. También se retrasó el estreno de Godzilla vs. Kong junto a Millie Bobby Brown y Alexander Skarsgård, planeada para proyectarse en las pantallas grandes el 13 de marzo; Cut Throat City y I Care A Lot.     Ver esta publicación en Instagram           Una publicación compartida por Eiza (@eizagonzalez) el 29 de May de 2020 a las 1:15 PDTDurante los últimos días, Eiza González se ha mantenido activa en redes sociales publicando detalles de su aislamiento, sus actividades, así como sesiones de fotos pasadas y fotografías de la celebración del cumpleaños de su madre. Mira las mejores fotos de Eiza en la galería.Lee: Megan Fox cautiva con jeans ajustados en CaliforniaMA No te pierdas de las últimas noticias de Vive Usa en Google News,  síguenos aquí",eiza gonzalez presume abs con crop top en los angeles 0,https://www.viveusa.mx/showbiz/eiza-gonzalez-presume-abs-con-crop-top-en-los-angeles-0,eluniversal,www.viveusa.mx,9db570bce53866e2ece28e5f36f95468,7,237
15,"A través de redes sociales, la senadora Lilly Téllez anunció que deja la bancada de Morena por diferencias de criterio.Agradezco a Alfonso Durazo, a Ricardo Monreal y en especial al Presidente de la República por el respeto que han tenido hacia mi persona, escribió la legisladora.Refirió que se queda como senadora sin partido, comprometida a seguir hablando con la verdad. Dejo la bancada de Morena por diferencias de criterio. Agradezco a Alfonso Durazo, a Ricardo Monreal y en especial al Presidente de la República por el respeto que han tenido hacia mi persona. Me quedo como senadora sin partido, comprometida a seguir hablando con la verdad.  Lilly Téllez (@LillyTellez) April 14, 2020En diciembre pasado, la Comisión Nacional de Honestidad y Justicia (CNHyJ) de Morena ordenó a Ricardo Monreal, coordinador de Morena en la Cámara Alta, separar a Téllez de la bancada, en un plazo de tres días hábiles.En el oficio de requerimiento, los integrantes esa Comisión aseguraron que la legisladora, no comparte, respeta, ni representa lo establecido en los documentos básicos del partido, razones por las que no (podía), ni (debía) pertenecer a la bancada.El 15 de enero pasado, la sala superior del Tribunal Electoral del Poder Judicial de la Federación revocó la expulsión de la senadora por parte de la CNHyJ, que en diciembre señaló que Téllez no es protagonista de un cambio verdadero, y no comparte ni representa lo establecido en los documentos básicos de Morena.Téllez desató controversia en el partido al expresar posturas en contra del aborto.Asimismo, la ahora senadora sin partido criticó el saludo que el presidente López Obrador hizo a la mamá de Joaquín El Chapo Guzmán, narcotraficante encarcelado en Estados Unidos. Este saludo es un agravio a las las víctimas del narcotráfico y a las fuerzas armadas de México. Duelen y preocupan estas imágenes del Presidente de la República. ¿Dónde quedaron los límites?, señaló la legisladora.Por su lado Pedro Salmerón, historiador y militante de Morena, celebró la salida de Téllez con un ¡Bravo!.  Sobre la senadora @LillyTellez, que admite que nunca comulgó con morena y que se baja ruinmente en el momento más difícil, sólo quiero recordarlos dos cosas:1. En las revoluciones, las alianzas son imprescindibles.2. Odio decir se los dfje, pero se los dije.  Pedro Salmerón Sanginés (@HistoriaPedro) April 14, 2020 ",Lilly Téllez deja bancada de Morena en el Senado por diferencias de criterio,https://www.eluniversal.com.mx/nacion/lilly-tellez-deja-bancada-de-morena-por-diferencias-de-criterio,eluniversal,www.eluniversal.com.mx,ffe978a57c2360c07349470e9132670a,7,192
16," El primer ministro canadiense, Justin Trudeau, necesitó este martes 21 segundos de silencio antes de responder a una pregunta sobre sus pensamientos ante la amenaza del presidente estadounidense, Donald Trump, de utilizar al Ejército contra las protestas que se desarrollan en Estados Unidos.Durante esos 21 segundos, retransmitidos en directo por las principales cadenas de televisión del país, Trudeau intentó en varias ocasiones responder a la cuestión, en varios momentos con la mandíbula desencajada, hasta que finalmente y mirando fijamente a la cámara expresó su horror y estupefacción.Todos miramos en horror y estupefacción lo que está pasando en Estados Unidos. Es un momento para unificar a la gente, pero es un momento para escuchar, para aprender que la injusticia continúa, a pesar de los avances en los últimos años y décadas, respondió Trudeau.Y es un momento para que los canadienses reconozcamos que nosotros también tenemos problemas. Que los canadienses negros, que los canadienses de minorías se enfrentan cada día a discriminación. Hay una discriminación sistémica en Canadá, añadió el primer ministro canadiense.Justin Trudeau gave an epic pause when asked about Donald Trumps response to US protests https://t.co/ptHDt95JQ9 pic.twitter.com/t0LDipnXNM BBC News (World) (@BBCWorld) June 2, 2020Cuando el periodista insistió en que sus palabras no respondían a la pregunta sobre las acciones de Trump, Trudeau señaló que su labor es proteger a los canadienses.Aunque varios integrantes del Gobierno de Trudeau han expresado en las últimas horas su preocupación por lo que está sucediendo en Estados Unidos, ninguno de los ministros canadienses ha osado criticar las acciones de Trump.La viceprimera ministra canadiense, Chrystia Freeland, también evitó contestar este martes a una pregunta sobre Trump y las protestas.Freeland decidió redirigir la cuestión a la discriminación que existe en Canadá. Incluso durante un debate que se produjo hoy en la Cámara de los Comunes del Parlamento canadiense para tratar sobre las protestas en Estados Unidos, los líderes políticos canadienses evitaron referirse a las acciones de Trump.Desde la llegada al poder de Trump, Trudeau ha intentado no inmiscuirse en la política doméstica de Estados Unidos. Trudeau también ha procurado evitar enfrentamientos con el visceral presidente estadounidense.A pesar de ello, los dos dirigentes han tenido encontronazos, como al final de la Cumbre del G7 celebrada en 2018 en Canadá, que Trump abandonó abruptamente después de que Trudeau criticase la decisión de Washington de aducir razones de seguridad nacional para imponer tarifas al acero y aluminio canadiense.Trump dijo que Trudeau fue dócil y blando durante la cumbre pero que durante su rueda de prensa final insultó a Estados Unidos. En respuesta a la rueda de prensa de Trudeau, Trump retiró su firma del comunicado conjunto de la reunión. ",la polemica respuesta de justin trudeau sobre las protestas en eu,https://www.viveusa.mx/noticias/la-polemica-respuesta-de-justin-trudeau-sobre-las-protestas-en-eu,eluniversal,www.viveusa.mx,cc6ee4046eaecc45acc777073729b355,6,235
